招生群類別,成績區間,國文,英文,數學,專業一,專業二
01機械群,99.01～100,1,60,84,1,0
01機械群,98.01～99,0,204,0,0,0
01機械群,97.01～98,0,98,0,3,2
01機械群,96.01～97,0,438,0,0,0
01機械群,95.01～96,6,142,189,0,10
01機械群,94.01～95,0,614,0,6,0
01機械群,93.01～94,17,211,0,0,16
01機械群,92.01～93,0,620,0,10,0
01機械群,91.01～92,49,256,337,0,29
01機械群,90.01～91,0,607,0,0,0
01機械群,89.01～90,67,276,0,30,46
01機械群,88.01～89,0,555,0,0,0
01機械群,87.01～88,158,297,419,38,64
01機械群,86.01～87,0,538,0,0,0
01機械群,85.01～86,267,314,0,0,62
01機械群,84.01～85,1,507,0,48,0
01機械群,83.01～84,481,362,415,0,67
01機械群,82.01～83,0,470,0,49,0
01機械群,81.01～82,612,397,0,0,83
01機械群,80.01～81,0,417,0,0,0
01機械群,79.01～80,876,377,486,75,96
01機械群,78.01～79,0,404,0,0,0
01機械群,77.01～78,1168,399,0,72,90
01機械群,76.01～77,0,393,0,0,0
01機械群,75.01～76,1427,431,477,0,90
01機械群,74.01～75,0,342,0,63,0
01機械群,73.01～74,1766,498,0,0,109
01機械群,72.01～73,0,315,0,76,0
01機械群,71.01～72,2001,519,568,0,108
01機械群,70.01～71,0,336,0,0,0
01機械群,69.01～70,2267,524,0,74,113
01機械群,68.01～69,1,327,0,0,0
01機械群,67.01～68,2495,547,578,68,109
01機械群,66.01～67,1,318,0,0,0
01機械群,65.01～66,2714,550,0,0,113
01機械群,64.01～65,2,321,0,78,0
01機械群,63.01～64,2876,573,621,0,149
01機械群,62.01～63,0,298,0,111,0
01機械群,61.01～62,2822,597,0,0,146
01機械群,60.01～61,0,323,0,0,0
01機械群,59.01～60,2939,613,705,99,140
01機械群,58.01～59,0,328,0,0,0
01機械群,57.01～58,2938,620,0,100,166
01機械群,56.01～57,0,346,0,0,0
01機械群,55.01～56,2870,607,821,0,163
01機械群,54.01～55,0,393,0,146,0
01機械群,53.01～54,2849,655,1,0,173
01機械群,52.01～53,1,398,0,171,0
01機械群,51.01～52,2718,641,885,0,179
01機械群,50.01～51,0,442,0,0,0
01機械群,49.01～50,2616,713,0,190,202
01機械群,48.01～49,1,390,0,0,0
01機械群,47.01～48,2468,706,1025,241,203
01機械群,46.01～47,0,479,0,0,0
01機械群,45.01～46,2387,718,0,0,223
01機械群,44.01～45,0,499,0,315,0
01機械群,43.01～44,2154,682,1216,0,245
01機械群,42.01～43,0,521,0,275,0
01機械群,41.01～42,2052,730,0,0,261
01機械群,40.01～41,1,547,0,0,0
01機械群,39.01～40,1841,741,1547,381,296
01機械群,38.01～39,2,633,0,0,0
01機械群,37.01～38,1655,818,1,411,304
01機械群,36.01～37,2,583,0,0,0
01機械群,35.01～36,1610,950,1816,0,325
01機械群,34.01～35,0,714,0,514,0
01機械群,33.01～34,1419,1049,0,0,309
01機械群,32.01～33,1,721,0,472,0
01機械群,31.01～32,1230,1359,2142,0,277
01機械群,30.01～31,1,770,1,0,0
01機械群,29.01～30,1041,1607,0,479,258
01機械群,28.01～29,1,836,0,0,0
01機械群,27.01～28,907,2002,2705,522,224
01機械群,26.01～27,0,834,0,0,0
01機械群,25.01～26,841,2398,1,0,205
01機械群,24.01～25,1,901,0,330,0
01機械群,23.01～24,724,2765,2460,0,121
01機械群,22.01～23,0,957,1,235,0
01機械群,21.01～22,639,3440,2,0,97
01機械群,20.01～21,0,583,0,0,0
01機械群,19.01～20,751,3837,1405,164,67
01機械群,18.01～19,3,380,0,0,0
01機械群,17.01～18,601,2338,1,82,27
01機械群,16.01～17,0,256,0,0,0
01機械群,15.01～16,340,1551,773,0,17
01機械群,14.01～15,0,136,0,43,0
01機械群,13.01～14,232,1030,0,0,11
01機械群,12.01～13,0,72,0,16,0
01機械群,11.01～12,147,591,391,0,2
01機械群,10.01～11,1,25,0,0,0
01機械群,9.01～10,65,250,0,7,0
01機械群,8.01～9,0,10,0,0,0
01機械群,7.01～8,41,117,134,1,0
01機械群,6.01～7,0,2,0,0,0
01機械群,5.01～6,13,28,0,0,0
01機械群,4.01～5,0,0,0,1,0
01機械群,3.01～4,6,6,23,0,0
01機械群,2.01～3,0,0,0,0,0
01機械群,1.01～2,2,1,0,0,1
01機械群,0.01～1,0,0,0,0,0
01機械群,0.00,14,11,8,1,0
02動力機械群,99.01～100,1,60,84,0,0
02動力機械群,98.01～99,0,204,0,0,0
02動力機械群,97.01～98,0,98,0,0,0
02動力機械群,96.01～97,0,438,0,0,0
02動力機械群,95.01～96,6,142,189,0,0
02動力機械群,94.01～95,0,614,0,1,4
02動力機械群,93.01～94,17,211,0,0,0
02動力機械群,92.01～93,0,620,0,2,5
02動力機械群,91.01～92,49,256,337,0,0
02動力機械群,90.01～91,0,607,0,0,0
02動力機械群,89.01～90,67,276,0,1,1
02動力機械群,88.01～89,0,555,0,0,0
02動力機械群,87.01～88,158,297,419,2,4
02動力機械群,86.01～87,0,538,0,0,0
02動力機械群,85.01～86,267,314,0,0,0
02動力機械群,84.01～85,1,507,0,3,6
02動力機械群,83.01～84,481,362,415,0,0
02動力機械群,82.01～83,0,470,0,3,7
02動力機械群,81.01～82,612,397,0,0,0
02動力機械群,80.01～81,0,417,0,0,0
02動力機械群,79.01～80,876,377,486,6,13
02動力機械群,78.01～79,0,404,0,0,0
02動力機械群,77.01～78,1168,399,0,6,14
02動力機械群,76.01～77,0,393,0,0,0
02動力機械群,75.01～76,1427,431,477,0,0
02動力機械群,74.01～75,0,342,0,7,13
02動力機械群,73.01～74,1766,498,0,0,0
02動力機械群,72.01～73,0,315,0,19,17
02動力機械群,71.01～72,2001,519,568,0,0
02動力機械群,70.01～71,0,336,0,0,0
02動力機械群,69.01～70,2267,524,0,13,27
02動力機械群,68.01～69,1,327,0,0,0
02動力機械群,67.01～68,2495,547,578,16,37
02動力機械群,66.01～67,1,318,0,0,0
02動力機械群,65.01～66,2714,550,0,0,0
02動力機械群,64.01～65,2,321,0,24,33
02動力機械群,63.01～64,2876,573,621,0,0
02動力機械群,62.01～63,0,298,0,20,30
02動力機械群,61.01～62,2822,597,0,0,0
02動力機械群,60.01～61,0,323,0,0,0
02動力機械群,59.01～60,2939,613,705,23,33
02動力機械群,58.01～59,0,328,0,0,0
02動力機械群,57.01～58,2938,620,0,35,47
02動力機械群,56.01～57,0,346,0,0,0
02動力機械群,55.01～56,2870,607,821,0,0
02動力機械群,54.01～55,0,393,0,38,80
02動力機械群,53.01～54,2849,655,1,0,0
02動力機械群,52.01～53,1,398,0,53,79
02動力機械群,51.01～52,2718,641,885,0,0
02動力機械群,50.01～51,0,442,0,0,0
02動力機械群,49.01～50,2616,713,0,44,120
02動力機械群,48.01～49,1,390,0,0,0
02動力機械群,47.01～48,2468,706,1025,81,143
02動力機械群,46.01～47,0,479,0,0,0
02動力機械群,45.01～46,2387,718,0,0,0
02動力機械群,44.01～45,0,499,0,78,163
02動力機械群,43.01～44,2154,682,1216,0,0
02動力機械群,42.01～43,0,521,0,83,185
02動力機械群,41.01～42,2052,730,0,0,0
02動力機械群,40.01～41,1,547,0,0,0
02動力機械群,39.01～40,1841,741,1547,116,206
02動力機械群,38.01～39,2,633,0,0,0
02動力機械群,37.01～38,1655,818,1,152,196
02動力機械群,36.01～37,2,583,0,0,0
02動力機械群,35.01～36,1610,950,1816,0,0
02動力機械群,34.01～35,0,714,0,193,188
02動力機械群,33.01～34,1419,1049,0,0,0
02動力機械群,32.01～33,1,721,0,220,182
02動力機械群,31.01～32,1230,1359,2142,0,0
02動力機械群,30.01～31,1,770,1,0,2
02動力機械群,29.01～30,1041,1607,0,233,159
02動力機械群,28.01～29,1,836,0,0,0
02動力機械群,27.01～28,907,2002,2705,225,156
02動力機械群,26.01～27,0,834,0,0,0
02動力機械群,25.01～26,841,2398,1,0,0
02動力機械群,24.01～25,1,901,0,339,122
02動力機械群,23.01～24,724,2765,2460,0,0
02動力機械群,22.01～23,0,957,1,175,74
02動力機械群,21.01～22,639,3440,2,0,0
02動力機械群,20.01～21,0,583,0,0,0
02動力機械群,19.01～20,751,3837,1405,129,55
02動力機械群,18.01～19,3,380,0,0,0
02動力機械群,17.01～18,601,2338,1,81,34
02動力機械群,16.01～17,0,256,0,0,0
02動力機械群,15.01～16,340,1551,773,0,0
02動力機械群,14.01～15,0,136,0,47,21
02動力機械群,13.01～14,232,1030,0,0,0
02動力機械群,12.01～13,0,72,0,16,5
02動力機械群,11.01～12,147,591,391,0,0
02動力機械群,10.01～11,1,25,0,0,0
02動力機械群,9.01～10,65,250,0,6,4
02動力機械群,8.01～9,0,10,0,0,0
02動力機械群,7.01～8,41,117,134,0,2
02動力機械群,6.01～7,0,2,0,0,0
02動力機械群,5.01～6,13,28,0,0,0
02動力機械群,4.01～5,0,0,0,2,0
02動力機械群,3.01～4,6,6,23,0,0
02動力機械群,2.01～3,0,0,0,0,0
02動力機械群,1.01～2,2,1,0,0,0
02動力機械群,0.01～1,0,0,0,0,0
02動力機械群,0.00,14,11,8,1,1
03電機群,99.01～100,1,60,84,27,3
03電機群,98.01～99,0,204,0,0,0
03電機群,97.01～98,0,98,0,68,14
03電機群,96.01～97,0,438,0,0,0
03電機群,95.01～96,6,142,189,121,38
03電機群,94.01～95,0,614,0,0,0
03電機群,93.01～94,17,211,0,123,43
03電機群,92.01～93,0,620,0,0,0
03電機群,91.01～92,49,256,337,135,59
03電機群,90.01～91,0,607,0,0,0
03電機群,89.01～90,67,276,0,140,77
03電機群,88.01～89,0,555,0,0,0
03電機群,87.01～88,158,297,419,144,78
03電機群,86.01～87,0,538,0,0,0
03電機群,85.01～86,267,314,0,157,64
03電機群,84.01～85,1,507,0,0,0
03電機群,83.01～84,481,362,415,146,72
03電機群,82.01～83,0,470,0,0,0
03電機群,81.01～82,612,397,0,142,87
03電機群,80.01～81,0,417,0,0,0
03電機群,79.01～80,876,377,486,161,79
03電機群,78.01～79,0,404,0,0,0
03電機群,77.01～78,1168,399,0,131,76
03電機群,76.01～77,0,393,0,0,0
03電機群,75.01～76,1427,431,477,132,61
03電機群,74.01～75,0,342,0,0,0
03電機群,73.01～74,1766,498,0,142,73
03電機群,72.01～73,0,315,0,0,0
03電機群,71.01～72,2001,519,568,128,64
03電機群,70.01～71,0,336,0,0,0
03電機群,69.01～70,2267,524,0,138,60
03電機群,68.01～69,1,327,0,0,0
03電機群,67.01～68,2495,547,578,118,64
03電機群,66.01～67,1,318,0,0,0
03電機群,65.01～66,2714,550,0,131,71
03電機群,64.01～65,2,321,0,0,0
03電機群,63.01～64,2876,573,621,147,70
03電機群,62.01～63,0,298,0,0,0
03電機群,61.01～62,2822,597,0,138,61
03電機群,60.01～61,0,323,0,1,0
03電機群,59.01～60,2939,613,705,156,62
03電機群,58.01～59,0,328,0,0,0
03電機群,57.01～58,2938,620,0,152,82
03電機群,56.01～57,0,346,0,0,0
03電機群,55.01～56,2870,607,821,149,66
03電機群,54.01～55,0,393,0,0,0
03電機群,53.01～54,2849,655,1,148,71
03電機群,52.01～53,1,398,0,0,0
03電機群,51.01～52,2718,641,885,157,94
03電機群,50.01～51,0,442,0,0,0
03電機群,49.01～50,2616,713,0,131,58
03電機群,48.01～49,1,390,0,0,0
03電機群,47.01～48,2468,706,1025,162,112
03電機群,46.01～47,0,479,0,0,0
03電機群,45.01～46,2387,718,0,161,83
03電機群,44.01～45,0,499,0,0,0
03電機群,43.01～44,2154,682,1216,196,98
03電機群,42.01～43,0,521,0,0,0
03電機群,41.01～42,2052,730,0,208,111
03電機群,40.01～41,1,547,0,0,0
03電機群,39.01～40,1841,741,1547,245,153
03電機群,38.01～39,2,633,0,0,0
03電機群,37.01～38,1655,818,1,316,158
03電機群,36.01～37,2,583,0,0,0
03電機群,35.01～36,1610,950,1816,410,197
03電機群,34.01～35,0,714,0,0,0
03電機群,33.01～34,1419,1049,0,482,234
03電機群,32.01～33,1,721,0,0,0
03電機群,31.01～32,1230,1359,2142,585,322
03電機群,30.01～31,1,770,1,0,0
03電機群,29.01～30,1041,1607,0,722,360
03電機群,28.01～29,1,836,0,0,0
03電機群,27.01～28,907,2002,2705,773,411
03電機群,26.01～27,0,834,0,0,0
03電機群,25.01～26,841,2398,1,951,383
03電機群,24.01～25,1,901,0,0,0
03電機群,23.01～24,724,2765,2460,666,345
03電機群,22.01～23,0,957,1,0,1
03電機群,21.01～22,639,3440,2,546,324
03電機群,20.01～21,0,583,0,0,1
03電機群,19.01～20,751,3837,1405,412,208
03電機群,18.01～19,3,380,0,0,0
03電機群,17.01～18,601,2338,1,224,126
03電機群,16.01～17,0,256,0,0,0
03電機群,15.01～16,340,1551,773,122,60
03電機群,14.01～15,0,136,0,0,0
03電機群,13.01～14,232,1030,0,63,40
03電機群,12.01～13,0,72,0,0,0
03電機群,11.01～12,147,591,391,29,18
03電機群,10.01～11,1,25,0,0,0
03電機群,9.01～10,65,250,0,13,7
03電機群,8.01～9,0,10,0,0,0
03電機群,7.01～8,41,117,134,5,1
03電機群,6.01～7,0,2,0,0,0
03電機群,5.01～6,13,28,0,2,0
03電機群,4.01～5,0,0,0,0,0
03電機群,3.01～4,6,6,23,0,0
03電機群,2.01～3,0,0,0,0,0
03電機群,1.01～2,2,1,0,0,0
03電機群,0.01～1,0,0,0,0,0
03電機群,0.00,14,11,8,3,0
04電子群,99.01～100,1,60,84,27,0
04電子群,98.01～99,0,204,0,0,0
04電子群,97.01～98,0,98,0,68,0
04電子群,96.01～97,0,438,0,0,0
04電子群,95.01～96,6,142,189,121,2
04電子群,94.01～95,0,614,0,0,0
04電子群,93.01～94,17,211,0,123,9
04電子群,92.01～93,0,620,0,0,0
04電子群,91.01～92,49,256,337,135,4
04電子群,90.01～91,0,607,0,0,0
04電子群,89.01～90,67,276,0,140,10
04電子群,88.01～89,0,555,0,0,0
04電子群,87.01～88,158,297,419,144,25
04電子群,86.01～87,0,538,0,0,0
04電子群,85.01～86,267,314,0,157,29
04電子群,84.01～85,1,507,0,0,0
04電子群,83.01～84,481,362,415,146,23
04電子群,82.01～83,0,470,0,0,0
04電子群,81.01～82,612,397,0,142,35
04電子群,80.01～81,0,417,0,0,0
04電子群,79.01～80,876,377,486,161,37
04電子群,78.01～79,0,404,0,0,0
04電子群,77.01～78,1168,399,0,131,58
04電子群,76.01～77,0,393,0,0,0
04電子群,75.01～76,1427,431,477,132,56
04電子群,74.01～75,0,342,0,0,0
04電子群,73.01～74,1766,498,0,142,63
04電子群,72.01～73,0,315,0,0,0
04電子群,71.01～72,2001,519,568,128,74
04電子群,70.01～71,0,336,0,0,0
04電子群,69.01～70,2267,524,0,138,80
04電子群,68.01～69,1,327,0,0,0
04電子群,67.01～68,2495,547,578,118,99
04電子群,66.01～67,1,318,0,0,0
04電子群,65.01～66,2714,550,0,131,99
04電子群,64.01～65,2,321,0,0,0
04電子群,63.01～64,2876,573,621,147,112
04電子群,62.01～63,0,298,0,0,0
04電子群,61.01～62,2822,597,0,138,94
04電子群,60.01～61,0,323,0,1,0
04電子群,59.01～60,2939,613,705,156,95
04電子群,58.01～59,0,328,0,0,0
04電子群,57.01～58,2938,620,0,152,107
04電子群,56.01～57,0,346,0,0,0
04電子群,55.01～56,2870,607,821,149,126
04電子群,54.01～55,0,393,0,0,0
04電子群,53.01～54,2849,655,1,148,122
04電子群,52.01～53,1,398,0,0,0
04電子群,51.01～52,2718,641,885,157,132
04電子群,50.01～51,0,442,0,0,0
04電子群,49.01～50,2616,713,0,131,157
04電子群,48.01～49,1,390,0,0,0
04電子群,47.01～48,2468,706,1025,162,158
04電子群,46.01～47,0,479,0,0,0
04電子群,45.01～46,2387,718,0,161,168
04電子群,44.01～45,0,499,0,0,0
04電子群,43.01～44,2154,682,1216,196,214
04電子群,42.01～43,0,521,0,0,0
04電子群,41.01～42,2052,730,0,208,199
04電子群,40.01～41,1,547,0,0,0
04電子群,39.01～40,1841,741,1547,245,264
04電子群,38.01～39,2,633,0,0,0
04電子群,37.01～38,1655,818,1,316,312
04電子群,36.01～37,2,583,0,0,0
04電子群,35.01～36,1610,950,1816,410,349
04電子群,34.01～35,0,714,0,0,0
04電子群,33.01～34,1419,1049,0,482,402
04電子群,32.01～33,1,721,0,0,0
04電子群,31.01～32,1230,1359,2142,585,434
04電子群,30.01～31,1,770,1,0,0
04電子群,29.01～30,1041,1607,0,722,495
04電子群,28.01～29,1,836,0,0,0
04電子群,27.01～28,907,2002,2705,773,536
04電子群,26.01～27,0,834,0,0,0
04電子群,25.01～26,841,2398,1,951,467
04電子群,24.01～25,1,901,0,0,0
04電子群,23.01～24,724,2765,2460,666,300
04電子群,22.01～23,0,957,1,0,1
04電子群,21.01～22,639,3440,2,546,234
04電子群,20.01～21,0,583,0,0,0
04電子群,19.01～20,751,3837,1405,412,186
04電子群,18.01～19,3,380,0,0,0
04電子群,17.01～18,601,2338,1,224,89
04電子群,16.01～17,0,256,0,0,0
04電子群,15.01～16,340,1551,773,122,46
04電子群,14.01～15,0,136,0,0,0
04電子群,13.01～14,232,1030,0,63,21
04電子群,12.01～13,0,72,0,0,0
04電子群,11.01～12,147,591,391,29,9
04電子群,10.01～11,1,25,0,0,0
04電子群,9.01～10,65,250,0,13,2
04電子群,8.01～9,0,10,0,0,0
04電子群,7.01～8,41,117,134,5,2
04電子群,6.01～7,0,2,0,0,0
04電子群,5.01～6,13,28,0,2,0
04電子群,4.01～5,0,0,0,0,0
04電子群,3.01～4,6,6,23,0,0
04電子群,2.01～3,0,0,0,0,0
04電子群,1.01～2,2,1,0,0,0
04電子群,0.01～1,0,0,0,0,0
04電子群,0.00,14,11,8,3,0
05化工群,99.01～100,1,60,84,0,1
05化工群,98.01～99,0,204,0,0,0
05化工群,97.01～98,0,98,0,0,2
05化工群,96.01～97,0,438,0,0,0
05化工群,95.01～96,6,142,189,0,1
05化工群,94.01～95,0,614,0,0,0
05化工群,93.01～94,17,211,0,8,4
05化工群,92.01～93,0,620,0,0,0
05化工群,91.01～92,49,256,337,7,6
05化工群,90.01～91,0,607,0,0,0
05化工群,89.01～90,67,276,0,11,6
05化工群,88.01～89,0,555,0,0,0
05化工群,87.01～88,158,297,419,20,11
05化工群,86.01～87,0,538,0,0,0
05化工群,85.01～86,267,314,0,17,5
05化工群,84.01～85,1,507,0,0,0
05化工群,83.01～84,481,362,415,26,12
05化工群,82.01～83,0,470,0,0,0
05化工群,81.01～82,612,397,0,22,7
05化工群,80.01～81,0,417,0,0,0
05化工群,79.01～80,876,377,486,27,11
05化工群,78.01～79,0,404,0,0,0
05化工群,77.01～78,1168,399,0,29,16
05化工群,76.01～77,0,393,0,0,0
05化工群,75.01～76,1427,431,477,30,14
05化工群,74.01～75,0,342,0,0,0
05化工群,73.01～74,1766,498,0,37,18
05化工群,72.01～73,0,315,0,0,0
05化工群,71.01～72,2001,519,568,30,19
05化工群,70.01～71,0,336,0,0,0
05化工群,69.01～70,2267,524,0,41,14
05化工群,68.01～69,1,327,0,0,0
05化工群,67.01～68,2495,547,578,43,18
05化工群,66.01～67,1,318,0,0,0
05化工群,65.01～66,2714,550,0,42,30
05化工群,64.01～65,2,321,0,0,0
05化工群,63.01～64,2876,573,621,51,22
05化工群,62.01～63,0,298,0,0,0
05化工群,61.01～62,2822,597,0,51,31
05化工群,60.01～61,0,323,0,0,0
05化工群,59.01～60,2939,613,705,40,33
05化工群,58.01～59,0,328,0,0,0
05化工群,57.01～58,2938,620,0,45,28
05化工群,56.01～57,0,346,0,0,0
05化工群,55.01～56,2870,607,821,44,33
05化工群,54.01～55,0,393,0,0,0
05化工群,53.01～54,2849,655,1,45,28
05化工群,52.01～53,1,398,0,0,0
05化工群,51.01～52,2718,641,885,46,25
05化工群,50.01～51,0,442,0,0,0
05化工群,49.01～50,2616,713,0,45,51
05化工群,48.01～49,1,390,0,0,0
05化工群,47.01～48,2468,706,1025,46,53
05化工群,46.01～47,0,479,0,0,0
05化工群,45.01～46,2387,718,0,51,33
05化工群,44.01～45,0,499,0,0,0
05化工群,43.01～44,2154,682,1216,49,54
05化工群,42.01～43,0,521,0,0,0
05化工群,41.01～42,2052,730,0,47,70
05化工群,40.01～41,1,547,0,0,0
05化工群,39.01～40,1841,741,1547,56,56
05化工群,38.01～39,2,633,0,0,0
05化工群,37.01～38,1655,818,1,44,62
05化工群,36.01～37,2,583,0,0,0
05化工群,35.01～36,1610,950,1816,40,71
05化工群,34.01～35,0,714,0,0,0
05化工群,33.01～34,1419,1049,0,41,82
05化工群,32.01～33,1,721,0,0,0
05化工群,31.01～32,1230,1359,2142,46,57
05化工群,30.01～31,1,770,1,0,0
05化工群,29.01～30,1041,1607,0,33,73
05化工群,28.01～29,1,836,0,0,0
05化工群,27.01～28,907,2002,2705,29,64
05化工群,26.01～27,0,834,0,0,0
05化工群,25.01～26,841,2398,1,18,57
05化工群,24.01～25,1,901,0,0,0
05化工群,23.01～24,724,2765,2460,14,37
05化工群,22.01～23,0,957,1,0,0
05化工群,21.01～22,639,3440,2,6,34
05化工群,20.01～21,0,583,0,0,0
05化工群,19.01～20,751,3837,1405,6,15
05化工群,18.01～19,3,380,0,0,0
05化工群,17.01～18,601,2338,1,1,9
05化工群,16.01～17,0,256,0,0,0
05化工群,15.01～16,340,1551,773,1,8
05化工群,14.01～15,0,136,0,0,0
05化工群,13.01～14,232,1030,0,2,3
05化工群,12.01～13,0,72,0,0,0
05化工群,11.01～12,147,591,391,0,2
05化工群,10.01～11,1,25,0,0,0
05化工群,9.01～10,65,250,0,0,0
05化工群,8.01～9,0,10,0,0,0
05化工群,7.01～8,41,117,134,0,0
05化工群,6.01～7,0,2,0,0,0
05化工群,5.01～6,13,28,0,0,0
05化工群,4.01～5,0,0,0,0,0
05化工群,3.01～4,6,6,23,0,0
05化工群,2.01～3,0,0,0,0,0
05化工群,1.01～2,2,1,0,0,0
05化工群,0.01～1,0,0,0,0,0
05化工群,0.00,14,11,8,0,0
06土木與建築群,99.01～100,1,60,84,0,0
06土木與建築群,98.01～99,0,204,0,0,0
06土木與建築群,97.01～98,0,98,0,2,0
06土木與建築群,96.01～97,0,438,0,0,0
06土木與建築群,95.01～96,6,142,189,0,0
06土木與建築群,94.01～95,0,614,0,4,0
06土木與建築群,93.01～94,17,211,0,0,0
06土木與建築群,92.01～93,0,620,0,6,1
06土木與建築群,91.01～92,49,256,337,0,0
06土木與建築群,90.01～91,0,607,0,0,0
06土木與建築群,89.01～90,67,276,0,7,4
06土木與建築群,88.01～89,0,555,0,0,0
06土木與建築群,87.01～88,158,297,419,13,2
06土木與建築群,86.01～87,0,538,0,0,0
06土木與建築群,85.01～86,267,314,0,0,0
06土木與建築群,84.01～85,1,507,0,24,13
06土木與建築群,83.01～84,481,362,415,0,0
06土木與建築群,82.01～83,0,470,0,18,7
06土木與建築群,81.01～82,612,397,0,0,0
06土木與建築群,80.01～81,0,417,0,0,0
06土木與建築群,79.01～80,876,377,486,16,15
06土木與建築群,78.01～79,0,404,0,0,0
06土木與建築群,77.01～78,1168,399,0,15,26
06土木與建築群,76.01～77,0,393,0,0,0
06土木與建築群,75.01～76,1427,431,477,0,0
06土木與建築群,74.01～75,0,342,0,19,18
06土木與建築群,73.01～74,1766,498,0,0,0
06土木與建築群,72.01～73,0,315,0,20,26
06土木與建築群,71.01～72,2001,519,568,0,0
06土木與建築群,70.01～71,0,336,0,0,0
06土木與建築群,69.01～70,2267,524,0,29,28
06土木與建築群,68.01～69,1,327,0,0,0
06土木與建築群,67.01～68,2495,547,578,21,26
06土木與建築群,66.01～67,1,318,0,0,0
06土木與建築群,65.01～66,2714,550,0,0,0
06土木與建築群,64.01～65,2,321,0,45,48
06土木與建築群,63.01～64,2876,573,621,0,0
06土木與建築群,62.01～63,0,298,0,24,53
06土木與建築群,61.01～62,2822,597,0,0,0
06土木與建築群,60.01～61,0,323,0,0,0
06土木與建築群,59.01～60,2939,613,705,57,48
06土木與建築群,58.01～59,0,328,0,0,0
06土木與建築群,57.01～58,2938,620,0,40,54
06土木與建築群,56.01～57,0,346,0,0,0
06土木與建築群,55.01～56,2870,607,821,0,0
06土木與建築群,54.01～55,0,393,0,58,63
06土木與建築群,53.01～54,2849,655,1,0,0
06土木與建築群,52.01～53,1,398,0,66,54
06土木與建築群,51.01～52,2718,641,885,0,0
06土木與建築群,50.01～51,0,442,0,0,0
06土木與建築群,49.01～50,2616,713,0,72,68
06土木與建築群,48.01～49,1,390,0,0,0
06土木與建築群,47.01～48,2468,706,1025,76,78
06土木與建築群,46.01～47,0,479,0,0,0
06土木與建築群,45.01～46,2387,718,0,0,0
06土木與建築群,44.01～45,0,499,0,84,76
06土木與建築群,43.01～44,2154,682,1216,0,0
06土木與建築群,42.01～43,0,521,0,104,95
06土木與建築群,41.01～42,2052,730,0,0,0
06土木與建築群,40.01～41,1,547,0,0,0
06土木與建築群,39.01～40,1841,741,1547,115,99
06土木與建築群,38.01～39,2,633,0,0,0
06土木與建築群,37.01～38,1655,818,1,118,120
06土木與建築群,36.01～37,2,583,0,0,0
06土木與建築群,35.01～36,1610,950,1816,0,0
06土木與建築群,34.01～35,0,714,0,117,105
06土木與建築群,33.01～34,1419,1049,0,0,0
06土木與建築群,32.01～33,1,721,0,96,98
06土木與建築群,31.01～32,1230,1359,2142,0,0
06土木與建築群,30.01～31,1,770,1,0,1
06土木與建築群,29.01～30,1041,1607,0,104,110
06土木與建築群,28.01～29,1,836,0,0,0
06土木與建築群,27.01～28,907,2002,2705,76,117
06土木與建築群,26.01～27,0,834,0,0,0
06土木與建築群,25.01～26,841,2398,1,0,1
06土木與建築群,24.01～25,1,901,0,83,63
06土木與建築群,23.01～24,724,2765,2460,0,0
06土木與建築群,22.01～23,0,957,1,49,46
06土木與建築群,21.01～22,639,3440,2,0,0
06土木與建築群,20.01～21,0,583,0,0,0
06土木與建築群,19.01～20,751,3837,1405,25,38
06土木與建築群,18.01～19,3,380,0,0,0
06土木與建築群,17.01～18,601,2338,1,15,16
06土木與建築群,16.01～17,0,256,0,0,0
06土木與建築群,15.01～16,340,1551,773,0,0
06土木與建築群,14.01～15,0,136,0,7,5
06土木與建築群,13.01～14,232,1030,0,0,0
06土木與建築群,12.01～13,0,72,0,5,3
06土木與建築群,11.01～12,147,591,391,0,0
06土木與建築群,10.01～11,1,25,0,0,0
06土木與建築群,9.01～10,65,250,0,1,2
06土木與建築群,8.01～9,0,10,0,0,0
06土木與建築群,7.01～8,41,117,134,0,0
06土木與建築群,6.01～7,0,2,0,0,0
06土木與建築群,5.01～6,13,28,0,0,0
06土木與建築群,4.01～5,0,0,0,0,0
06土木與建築群,3.01～4,6,6,23,0,0
06土木與建築群,2.01～3,0,0,0,0,0
06土木與建築群,1.01～2,2,1,0,0,0
06土木與建築群,0.01～1,0,0,0,0,0
06土木與建築群,0.00,14,11,8,1,1
07設計群,99.01～100,1,60,53,0,1
07設計群,98.01～99,0,204,0,0,1
07設計群,97.01～98,0,98,0,0,0
07設計群,96.01～97,0,438,0,0,2
07設計群,95.01～96,6,142,138,4,3
07設計群,94.01～95,0,614,0,0,4
07設計群,93.01～94,17,211,0,14,1
07設計群,92.01～93,0,620,0,0,4
07設計群,91.01～92,49,256,182,13,3
07設計群,90.01～91,0,607,0,0,7
07設計群,89.01～90,67,276,0,30,9
07設計群,88.01～89,0,555,0,0,9
07設計群,87.01～88,158,297,262,87,14
07設計群,86.01～87,0,538,0,0,9
07設計群,85.01～86,267,314,0,130,20
07設計群,84.01～85,1,507,0,0,16
07設計群,83.01～84,481,362,365,162,20
07設計群,82.01～83,0,470,0,0,26
07設計群,81.01～82,612,397,0,186,25
07設計群,80.01～81,0,417,0,0,35
07設計群,79.01～80,876,377,419,212,40
07設計群,78.01～79,0,404,0,0,32
07設計群,77.01～78,1168,399,0,238,44
07設計群,76.01～77,0,393,0,0,49
07設計群,75.01～76,1427,431,532,224,48
07設計群,74.01～75,0,342,0,0,56
07設計群,73.01～74,1766,498,0,268,55
07設計群,72.01～73,0,315,0,0,66
07設計群,71.01～72,2001,519,626,230,66
07設計群,70.01～71,0,336,0,0,64
07設計群,69.01～70,2267,524,0,236,75
07設計群,68.01～69,1,327,0,0,65
07設計群,67.01～68,2495,547,728,215,70
07設計群,66.01～67,1,318,0,0,89
07設計群,65.01～66,2714,550,0,226,84
07設計群,64.01～65,2,321,0,0,97
07設計群,63.01～64,2876,573,828,271,81
07設計群,62.01～63,0,298,0,0,97
07設計群,61.01～62,2822,597,0,256,103
07設計群,60.01～61,0,323,0,0,117
07設計群,59.01～60,2939,613,1039,244,113
07設計群,58.01～59,0,328,0,0,123
07設計群,57.01～58,2938,620,0,230,115
07設計群,56.01～57,0,346,0,1,98
07設計群,55.01～56,2870,607,1101,246,101
07設計群,54.01～55,0,393,0,0,111
07設計群,53.01～54,2849,655,1,250,106
07設計群,52.01～53,1,398,0,0,125
07設計群,51.01～52,2718,641,1304,319,118
07設計群,50.01～51,0,442,0,0,111
07設計群,49.01～50,2616,713,0,273,121
07設計群,48.01～49,1,390,0,0,133
07設計群,47.01～48,2468,706,1510,259,146
07設計群,46.01～47,0,479,0,0,104
07設計群,45.01～46,2387,718,0,247,111
07設計群,44.01～45,0,499,0,0,135
07設計群,43.01～44,2154,682,1862,292,146
07設計群,42.01～43,0,521,0,0,108
07設計群,41.01～42,2052,730,1,265,130
07設計群,40.01～41,1,547,0,0,124
07設計群,39.01～40,1841,741,2364,242,162
07設計群,38.01～39,2,633,0,0,103
07設計群,37.01～38,1655,818,1,241,123
07設計群,36.01～37,2,583,0,0,125
07設計群,35.01～36,1610,950,2881,174,191
07設計群,34.01～35,0,714,2,0,85
07設計群,33.01～34,1419,1049,0,168,86
07設計群,32.01～33,1,721,0,0,119
07設計群,31.01～32,1230,1359,3278,134,185
07設計群,30.01～31,1,770,2,0,76
07設計群,29.01～30,1041,1607,1,88,105
07設計群,28.01～29,1,836,0,0,112
07設計群,27.01～28,907,2002,4204,81,170
07設計群,26.01～27,0,834,1,0,59
07設計群,25.01～26,841,2398,1,57,55
07設計群,24.01～25,1,901,0,0,70
07設計群,23.01～24,724,2765,4315,42,151
07設計群,22.01～23,0,957,1,0,30
07設計群,21.01～22,639,3440,0,32,48
07設計群,20.01～21,0,583,0,0,74
07設計群,19.01～20,751,3837,2669,27,160
07設計群,18.01～19,3,380,1,0,30
07設計群,17.01～18,601,2338,0,15,42
07設計群,16.01～17,0,256,0,0,54
07設計群,15.01～16,340,1551,1581,8,124
07設計群,14.01～15,0,136,0,0,14
07設計群,13.01～14,232,1030,0,3,22
07設計群,12.01～13,0,72,0,0,27
07設計群,11.01～12,147,591,794,1,90
07設計群,10.01～11,1,25,0,0,10
07設計群,9.01～10,65,250,1,0,10
07設計群,8.01～9,0,10,0,0,21
07設計群,7.01～8,41,117,291,0,71
07設計群,6.01～7,0,2,1,0,6
07設計群,5.01～6,13,28,0,0,5
07設計群,4.01～5,0,0,0,0,9
07設計群,3.01～4,6,6,57,0,47
07設計群,2.01～3,0,0,0,0,4
07設計群,1.01～2,2,1,1,0,3
07設計群,0.01～1,0,0,0,0,1
07設計群,0.00,14,11,23,2,91
08工程與管理類,99.01～100,1,60,84,0,0
08工程與管理類,98.01～99,0,204,0,0,0
08工程與管理類,97.01～98,0,98,0,0,4
08工程與管理類,96.01～97,0,438,0,0,0
08工程與管理類,95.01～96,6,142,189,1,0
08工程與管理類,94.01～95,0,614,0,0,0
08工程與管理類,93.01～94,17,211,0,0,0
08工程與管理類,92.01～93,0,620,0,0,0
08工程與管理類,91.01～92,49,256,337,0,4
08工程與管理類,90.01～91,0,607,0,0,0
08工程與管理類,89.01～90,67,276,0,1,1
08工程與管理類,88.01～89,0,555,0,0,0
08工程與管理類,87.01～88,158,297,419,1,0
08工程與管理類,86.01～87,0,538,0,0,0
08工程與管理類,85.01～86,267,314,0,0,0
08工程與管理類,84.01～85,1,507,0,0,0
08工程與管理類,83.01～84,481,362,415,1,2
08工程與管理類,82.01～83,0,470,0,0,0
08工程與管理類,81.01～82,612,397,0,0,1
08工程與管理類,80.01～81,0,417,0,0,0
08工程與管理類,79.01～80,876,377,486,1,5
08工程與管理類,78.01～79,0,404,0,0,0
08工程與管理類,77.01～78,1168,399,0,0,3
08工程與管理類,76.01～77,0,393,0,0,0
08工程與管理類,75.01～76,1427,431,477,0,2
08工程與管理類,74.01～75,0,342,0,0,0
08工程與管理類,73.01～74,1766,498,0,3,3
08工程與管理類,72.01～73,0,315,0,0,0
08工程與管理類,71.01～72,2001,519,568,1,3
08工程與管理類,70.01～71,0,336,0,0,0
08工程與管理類,69.01～70,2267,524,0,0,5
08工程與管理類,68.01～69,1,327,0,0,0
08工程與管理類,67.01～68,2495,547,578,5,2
08工程與管理類,66.01～67,1,318,0,0,0
08工程與管理類,65.01～66,2714,550,0,0,4
08工程與管理類,64.01～65,2,321,0,0,0
08工程與管理類,63.01～64,2876,573,621,0,9
08工程與管理類,62.01～63,0,298,0,0,0
08工程與管理類,61.01～62,2822,597,0,1,3
08工程與管理類,60.01～61,0,323,0,0,0
08工程與管理類,59.01～60,2939,613,705,0,3
08工程與管理類,58.01～59,0,328,0,0,0
08工程與管理類,57.01～58,2938,620,0,1,0
08工程與管理類,56.01～57,0,346,0,0,0
08工程與管理類,55.01～56,2870,607,821,2,1
08工程與管理類,54.01～55,0,393,0,0,0
08工程與管理類,53.01～54,2849,655,1,5,2
08工程與管理類,52.01～53,1,398,0,0,0
08工程與管理類,51.01～52,2718,641,885,0,0
08工程與管理類,50.01～51,0,442,0,0,0
08工程與管理類,49.01～50,2616,713,0,2,0
08工程與管理類,48.01～49,1,390,0,0,0
08工程與管理類,47.01～48,2468,706,1025,5,0
08工程與管理類,46.01～47,0,479,0,0,0
08工程與管理類,45.01～46,2387,718,0,2,0
08工程與管理類,44.01～45,0,499,0,0,0
08工程與管理類,43.01～44,2154,682,1216,1,0
08工程與管理類,42.01～43,0,521,0,0,0
08工程與管理類,41.01～42,2052,730,0,1,1
08工程與管理類,40.01～41,1,547,0,0,0
08工程與管理類,39.01～40,1841,741,1547,2,0
08工程與管理類,38.01～39,2,633,0,0,0
08工程與管理類,37.01～38,1655,818,1,4,0
08工程與管理類,36.01～37,2,583,0,0,0
08工程與管理類,35.01～36,1610,950,1816,4,0
08工程與管理類,34.01～35,0,714,0,0,0
08工程與管理類,33.01～34,1419,1049,0,3,0
08工程與管理類,32.01～33,1,721,0,0,0
08工程與管理類,31.01～32,1230,1359,2142,0,1
08工程與管理類,30.01～31,1,770,1,0,0
08工程與管理類,29.01～30,1041,1607,0,2,0
08工程與管理類,28.01～29,1,836,0,0,0
08工程與管理類,27.01～28,907,2002,2705,6,0
08工程與管理類,26.01～27,0,834,0,0,0
08工程與管理類,25.01～26,841,2398,1,1,1
08工程與管理類,24.01～25,1,901,0,0,0
08工程與管理類,23.01～24,724,2765,2460,4,0
08工程與管理類,22.01～23,0,957,1,0,0
08工程與管理類,21.01～22,639,3440,2,2,0
08工程與管理類,20.01～21,0,583,0,0,0
08工程與管理類,19.01～20,751,3837,1405,0,0
08工程與管理類,18.01～19,3,380,0,0,0
08工程與管理類,17.01～18,601,2338,1,0,0
08工程與管理類,16.01～17,0,256,0,0,0
08工程與管理類,15.01～16,340,1551,773,0,0
08工程與管理類,14.01～15,0,136,0,0,0
08工程與管理類,13.01～14,232,1030,0,0,0
08工程與管理類,12.01～13,0,72,0,0,0
08工程與管理類,11.01～12,147,591,391,0,0
08工程與管理類,10.01～11,1,25,0,0,0
08工程與管理類,9.01～10,65,250,0,0,0
08工程與管理類,8.01～9,0,10,0,0,0
08工程與管理類,7.01～8,41,117,134,0,0
08工程與管理類,6.01～7,0,2,0,0,0
08工程與管理類,5.01～6,13,28,0,0,0
08工程與管理類,4.01～5,0,0,0,0,0
08工程與管理類,3.01～4,6,6,23,0,0
08工程與管理類,2.01～3,0,0,0,0,0
08工程與管理類,1.01～2,2,1,0,0,0
08工程與管理類,0.01～1,0,0,0,0,0
08工程與管理類,0.00,14,11,8,0,0
09商業與管理群,99.01～100,1,60,53,0,3
09商業與管理群,98.01～99,0,204,0,0,0
09商業與管理群,97.01～98,0,98,0,0,24
09商業與管理群,96.01～97,0,438,0,0,0
09商業與管理群,95.01～96,6,142,138,15,37
09商業與管理群,94.01～95,0,614,0,0,0
09商業與管理群,93.01～94,17,211,0,23,73
09商業與管理群,92.01～93,0,620,0,0,0
09商業與管理群,91.01～92,49,256,182,30,100
09商業與管理群,90.01～91,0,607,0,0,0
09商業與管理群,89.01～90,67,276,0,60,135
09商業與管理群,88.01～89,0,555,0,0,0
09商業與管理群,87.01～88,158,297,262,91,164
09商業與管理群,86.01～87,0,538,0,0,0
09商業與管理群,85.01～86,267,314,0,135,181
09商業與管理群,84.01～85,1,507,0,0,0
09商業與管理群,83.01～84,481,362,365,174,215
09商業與管理群,82.01～83,0,470,0,0,0
09商業與管理群,81.01～82,612,397,0,213,201
09商業與管理群,80.01～81,0,417,0,0,0
09商業與管理群,79.01～80,876,377,419,270,228
09商業與管理群,78.01～79,0,404,0,0,0
09商業與管理群,77.01～78,1168,399,0,318,244
09商業與管理群,76.01～77,0,393,0,0,0
09商業與管理群,75.01～76,1427,431,532,368,242
09商業與管理群,74.01～75,0,342,0,0,0
09商業與管理群,73.01～74,1766,498,0,413,253
09商業與管理群,72.01～73,0,315,0,0,0
09商業與管理群,71.01～72,2001,519,626,403,241
09商業與管理群,70.01～71,0,336,0,0,0
09商業與管理群,69.01～70,2267,524,0,433,257
09商業與管理群,68.01～69,1,327,0,0,0
09商業與管理群,67.01～68,2495,547,728,482,252
09商業與管理群,66.01～67,1,318,0,0,0
09商業與管理群,65.01～66,2714,550,0,509,292
09商業與管理群,64.01～65,2,321,0,0,0
09商業與管理群,63.01～64,2876,573,828,525,265
09商業與管理群,62.01～63,0,298,0,0,0
09商業與管理群,61.01～62,2822,597,0,548,263
09商業與管理群,60.01～61,0,323,0,0,0
09商業與管理群,59.01～60,2939,613,1039,559,263
09商業與管理群,58.01～59,0,328,0,0,0
09商業與管理群,57.01～58,2938,620,0,598,270
09商業與管理群,56.01～57,0,346,0,0,0
09商業與管理群,55.01～56,2870,607,1101,617,290
09商業與管理群,54.01～55,0,393,0,0,0
09商業與管理群,53.01～54,2849,655,1,539,301
09商業與管理群,52.01～53,1,398,0,0,0
09商業與管理群,51.01～52,2718,641,1304,624,320
09商業與管理群,50.01～51,0,442,0,0,0
09商業與管理群,49.01～50,2616,713,0,571,293
09商業與管理群,48.01～49,1,390,0,0,0
09商業與管理群,47.01～48,2468,706,1510,598,322
09商業與管理群,46.01～47,0,479,0,0,0
09商業與管理群,45.01～46,2387,718,0,590,333
09商業與管理群,44.01～45,0,499,0,0,0
09商業與管理群,43.01～44,2154,682,1862,559,398
09商業與管理群,42.01～43,0,521,0,0,0
09商業與管理群,41.01～42,2052,730,1,579,449
09商業與管理群,40.01～41,1,547,0,0,0
09商業與管理群,39.01～40,1841,741,2364,614,506
09商業與管理群,38.01～39,2,633,0,0,0
09商業與管理群,37.01～38,1655,818,1,545,532
09商業與管理群,36.01～37,2,583,0,0,0
09商業與管理群,35.01～36,1610,950,2881,602,595
09商業與管理群,34.01～35,0,714,2,0,0
09商業與管理群,33.01～34,1419,1049,0,515,628
09商業與管理群,32.01～33,1,721,0,0,0
09商業與管理群,31.01～32,1230,1359,3278,527,666
09商業與管理群,30.01～31,1,770,2,0,0
09商業與管理群,29.01～30,1041,1607,1,464,648
09商業與管理群,28.01～29,1,836,0,0,0
09商業與管理群,27.01～28,907,2002,4204,459,695
09商業與管理群,26.01～27,0,834,1,0,0
09商業與管理群,25.01～26,841,2398,1,401,683
09商業與管理群,24.01～25,1,901,0,0,0
09商業與管理群,23.01～24,724,2765,4315,336,573
09商業與管理群,22.01～23,0,957,1,0,0
09商業與管理群,21.01～22,639,3440,0,268,386
09商業與管理群,20.01～21,0,583,0,0,0
09商業與管理群,19.01～20,751,3837,2669,154,268
09商業與管理群,18.01～19,3,380,1,0,1
09商業與管理群,17.01～18,601,2338,0,113,161
09商業與管理群,16.01～17,0,256,0,0,0
09商業與管理群,15.01～16,340,1551,1581,55,67
09商業與管理群,14.01～15,0,136,0,0,1
09商業與管理群,13.01～14,232,1030,0,29,57
09商業與管理群,12.01～13,0,72,0,0,0
09商業與管理群,11.01～12,147,591,794,17,18
09商業與管理群,10.01～11,1,25,0,0,0
09商業與管理群,9.01～10,65,250,1,3,7
09商業與管理群,8.01～9,0,10,0,0,0
09商業與管理群,7.01～8,41,117,291,1,1
09商業與管理群,6.01～7,0,2,1,0,0
09商業與管理群,5.01～6,13,28,0,0,2
09商業與管理群,4.01～5,0,0,0,0,0
09商業與管理群,3.01～4,6,6,57,1,0
09商業與管理群,2.01～3,0,0,0,0,0
09商業與管理群,1.01～2,2,1,1,0,0
09商業與管理群,0.01～1,0,0,0,0,0
09商業與管理群,0.00,14,11,23,0,0
10衛生與護理類,99.01～100,1,60,109,0,0
10衛生與護理類,98.01～99,0,204,0,0,0
10衛生與護理類,97.01～98,0,98,0,1,0
10衛生與護理類,96.01～97,0,438,0,0,0
10衛生與護理類,95.01～96,6,142,236,1,4
10衛生與護理類,94.01～95,0,614,0,0,0
10衛生與護理類,93.01～94,17,211,0,2,7
10衛生與護理類,92.01～93,0,620,0,0,0
10衛生與護理類,91.01～92,49,256,166,7,30
10衛生與護理類,90.01～91,0,607,0,0,0
10衛生與護理類,89.01～90,67,276,0,13,25
10衛生與護理類,88.01～89,0,555,0,0,0
10衛生與護理類,87.01～88,158,297,136,15,54
10衛生與護理類,86.01～87,0,538,0,0,0
10衛生與護理類,85.01～86,267,314,0,17,50
10衛生與護理類,84.01～85,1,507,0,0,0
10衛生與護理類,83.01～84,481,362,140,18,45
10衛生與護理類,82.01～83,0,470,0,0,0
10衛生與護理類,81.01～82,612,397,0,26,57
10衛生與護理類,80.01～81,0,417,0,0,0
10衛生與護理類,79.01～80,876,377,122,26,56
10衛生與護理類,78.01～79,0,404,0,0,0
10衛生與護理類,77.01～78,1168,399,0,32,67
10衛生與護理類,76.01～77,0,393,0,0,0
10衛生與護理類,75.01～76,1427,431,140,29,63
10衛生與護理類,74.01～75,0,342,0,0,0
10衛生與護理類,73.01～74,1766,498,0,31,77
10衛生與護理類,72.01～73,0,315,0,0,0
10衛生與護理類,71.01～72,2001,519,129,35,67
10衛生與護理類,70.01～71,0,336,0,0,0
10衛生與護理類,69.01～70,2267,524,0,31,79
10衛生與護理類,68.01～69,1,327,0,0,0
10衛生與護理類,67.01～68,2495,547,145,32,76
10衛生與護理類,66.01～67,1,318,0,0,0
10衛生與護理類,65.01～66,2714,550,0,38,63
10衛生與護理類,64.01～65,2,321,0,0,0
10衛生與護理類,63.01～64,2876,573,191,33,76
10衛生與護理類,62.01～63,0,298,0,0,0
10衛生與護理類,61.01～62,2822,597,0,36,71
10衛生與護理類,60.01～61,0,323,0,0,0
10衛生與護理類,59.01～60,2939,613,193,47,63
10衛生與護理類,58.01～59,0,328,0,0,0
10衛生與護理類,57.01～58,2938,620,0,37,66
10衛生與護理類,56.01～57,0,346,0,0,0
10衛生與護理類,55.01～56,2870,607,253,35,50
10衛生與護理類,54.01～55,0,393,0,0,0
10衛生與護理類,53.01～54,2849,655,0,49,59
10衛生與護理類,52.01～53,1,398,0,0,0
10衛生與護理類,51.01～52,2718,641,280,56,48
10衛生與護理類,50.01～51,0,442,0,0,0
10衛生與護理類,49.01～50,2616,713,0,53,26
10衛生與護理類,48.01～49,1,390,0,0,0
10衛生與護理類,47.01～48,2468,706,314,55,22
10衛生與護理類,46.01～47,0,479,0,0,0
10衛生與護理類,45.01～46,2387,718,0,47,25
10衛生與護理類,44.01～45,0,499,0,0,0
10衛生與護理類,43.01～44,2154,682,381,55,26
10衛生與護理類,42.01～43,0,521,0,0,0
10衛生與護理類,41.01～42,2052,730,0,44,14
10衛生與護理類,40.01～41,1,547,0,0,0
10衛生與護理類,39.01～40,1841,741,466,57,5
10衛生與護理類,38.01～39,2,633,0,0,0
10衛生與護理類,37.01～38,1655,818,0,49,17
10衛生與護理類,36.01～37,2,583,0,0,0
10衛生與護理類,35.01～36,1610,950,512,73,4
10衛生與護理類,34.01～35,0,714,0,0,0
10衛生與護理類,33.01～34,1419,1049,0,60,6
10衛生與護理類,32.01～33,1,721,0,0,0
10衛生與護理類,31.01～32,1230,1359,567,58,2
10衛生與護理類,30.01～31,1,770,0,0,0
10衛生與護理類,29.01～30,1041,1607,0,54,3
10衛生與護理類,28.01～29,1,836,0,0,0
10衛生與護理類,27.01～28,907,2002,615,44,2
10衛生與護理類,26.01～27,0,834,0,0,0
10衛生與護理類,25.01～26,841,2398,0,42,2
10衛生與護理類,24.01～25,1,901,0,0,0
10衛生與護理類,23.01～24,724,2765,488,28,4
10衛生與護理類,22.01～23,0,957,0,0,0
10衛生與護理類,21.01～22,639,3440,0,20,1
10衛生與護理類,20.01～21,0,583,0,0,0
10衛生與護理類,19.01～20,751,3837,278,10,0
10衛生與護理類,18.01～19,3,380,0,0,0
10衛生與護理類,17.01～18,601,2338,0,8,0
10衛生與護理類,16.01～17,0,256,0,0,0
10衛生與護理類,15.01～16,340,1551,143,6,1
10衛生與護理類,14.01～15,0,136,0,0,0
10衛生與護理類,13.01～14,232,1030,0,1,0
10衛生與護理類,12.01～13,0,72,0,0,0
10衛生與護理類,11.01～12,147,591,67,0,0
10衛生與護理類,10.01～11,1,25,0,0,0
10衛生與護理類,9.01～10,65,250,0,1,0
10衛生與護理類,8.01～9,0,10,0,0,0
10衛生與護理類,7.01～8,41,117,19,1,0
10衛生與護理類,6.01～7,0,2,0,0,0
10衛生與護理類,5.01～6,13,28,0,0,0
10衛生與護理類,4.01～5,0,0,0,0,0
10衛生與護理類,3.01～4,6,6,1,0,0
10衛生與護理類,2.01～3,0,0,0,0,0
10衛生與護理類,1.01～2,2,1,0,0,0
10衛生與護理類,0.01～1,0,0,0,0,0
10衛生與護理類,0.00,14,11,0,1,0
11食品群,99.01～100,1,60,53,0,1
11食品群,98.01～99,0,204,0,0,0
11食品群,97.01～98,0,98,0,0,0
11食品群,96.01～97,0,438,0,0,0
11食品群,95.01～96,6,142,138,2,2
11食品群,94.01～95,0,614,0,0,0
11食品群,93.01～94,17,211,0,0,7
11食品群,92.01～93,0,620,0,0,0
11食品群,91.01～92,49,256,182,9,6
11食品群,90.01～91,0,607,0,0,0
11食品群,89.01～90,67,276,0,6,9
11食品群,88.01～89,0,555,0,0,0
11食品群,87.01～88,158,297,262,13,2
11食品群,86.01～87,0,538,0,0,0
11食品群,85.01～86,267,314,0,12,12
11食品群,84.01～85,1,507,0,0,0
11食品群,83.01～84,481,362,365,13,20
11食品群,82.01～83,0,470,0,0,0
11食品群,81.01～82,612,397,0,19,4
11食品群,80.01～81,0,417,0,0,0
11食品群,79.01～80,876,377,419,23,13
11食品群,78.01～79,0,404,0,0,0
11食品群,77.01～78,1168,399,0,19,15
11食品群,76.01～77,0,393,0,0,0
11食品群,75.01～76,1427,431,532,23,13
11食品群,74.01～75,0,342,0,0,0
11食品群,73.01～74,1766,498,0,31,23
11食品群,72.01～73,0,315,0,0,0
11食品群,71.01～72,2001,519,626,26,19
11食品群,70.01～71,0,336,0,0,0
11食品群,69.01～70,2267,524,0,32,22
11食品群,68.01～69,1,327,0,0,0
11食品群,67.01～68,2495,547,728,25,20
11食品群,66.01～67,1,318,0,0,0
11食品群,65.01～66,2714,550,0,30,12
11食品群,64.01～65,2,321,0,0,0
11食品群,63.01～64,2876,573,828,36,14
11食品群,62.01～63,0,298,0,0,0
11食品群,61.01～62,2822,597,0,36,11
11食品群,60.01～61,0,323,0,0,0
11食品群,59.01～60,2939,613,1039,35,21
11食品群,58.01～59,0,328,0,0,0
11食品群,57.01～58,2938,620,0,44,18
11食品群,56.01～57,0,346,0,0,0
11食品群,55.01～56,2870,607,1101,33,24
11食品群,54.01～55,0,393,0,0,0
11食品群,53.01～54,2849,655,1,40,33
11食品群,52.01～53,1,398,0,0,0
11食品群,51.01～52,2718,641,1304,46,41
11食品群,50.01～51,0,442,0,0,0
11食品群,49.01～50,2616,713,0,42,32
11食品群,48.01～49,1,390,0,0,0
11食品群,47.01～48,2468,706,1510,52,34
11食品群,46.01～47,0,479,0,0,0
11食品群,45.01～46,2387,718,0,45,41
11食品群,44.01～45,0,499,0,0,0
11食品群,43.01～44,2154,682,1862,56,48
11食品群,42.01～43,0,521,0,0,0
11食品群,41.01～42,2052,730,1,46,50
11食品群,40.01～41,1,547,0,0,0
11食品群,39.01～40,1841,741,2364,46,60
11食品群,38.01～39,2,633,0,0,0
11食品群,37.01～38,1655,818,1,42,52
11食品群,36.01～37,2,583,0,0,0
11食品群,35.01～36,1610,950,2881,47,74
11食品群,34.01～35,0,714,2,0,0
11食品群,33.01～34,1419,1049,0,50,75
11食品群,32.01～33,1,721,0,0,0
11食品群,31.01～32,1230,1359,3278,49,74
11食品群,30.01～31,1,770,2,0,0
11食品群,29.01～30,1041,1607,1,38,59
11食品群,28.01～29,1,836,0,0,0
11食品群,27.01～28,907,2002,4204,23,62
11食品群,26.01～27,0,834,1,0,0
11食品群,25.01～26,841,2398,1,23,55
11食品群,24.01～25,1,901,0,0,0
11食品群,23.01～24,724,2765,4315,21,27
11食品群,22.01～23,0,957,1,0,0
11食品群,21.01～22,639,3440,0,18,24
11食品群,20.01～21,0,583,0,0,0
11食品群,19.01～20,751,3837,2669,7,25
11食品群,18.01～19,3,380,1,0,0
11食品群,17.01～18,601,2338,0,5,9
11食品群,16.01～17,0,256,0,0,0
11食品群,15.01～16,340,1551,1581,3,2
11食品群,14.01～15,0,136,0,0,0
11食品群,13.01～14,232,1030,0,0,1
11食品群,12.01～13,0,72,0,0,0
11食品群,11.01～12,147,591,794,4,1
11食品群,10.01～11,1,25,0,0,0
11食品群,9.01～10,65,250,1,0,0
11食品群,8.01～9,0,10,0,0,0
11食品群,7.01～8,41,117,291,0,0
11食品群,6.01～7,0,2,1,0,0
11食品群,5.01～6,13,28,0,0,0
11食品群,4.01～5,0,0,0,0,0
11食品群,3.01～4,6,6,57,0,0
11食品群,2.01～3,0,0,0,0,0
11食品群,1.01～2,2,1,1,0,0
11食品群,0.01～1,0,0,0,0,0
11食品群,0.00,14,11,23,0,0
12家政群幼保類,99.01～100,1,60,109,0,0
12家政群幼保類,98.01～99,0,204,0,0,0
12家政群幼保類,97.01～98,0,98,0,0,2
12家政群幼保類,96.01～97,0,438,0,0,0
12家政群幼保類,95.01～96,6,142,236,2,13
12家政群幼保類,94.01～95,0,614,0,0,0
12家政群幼保類,93.01～94,17,211,0,0,8
12家政群幼保類,92.01～93,0,620,0,0,0
12家政群幼保類,91.01～92,49,256,166,3,25
12家政群幼保類,90.01～91,0,607,0,0,0
12家政群幼保類,89.01～90,67,276,0,7,26
12家政群幼保類,88.01～89,0,555,0,0,0
12家政群幼保類,87.01～88,158,297,136,19,34
12家政群幼保類,86.01～87,0,538,0,0,0
12家政群幼保類,85.01～86,267,314,0,16,39
12家政群幼保類,84.01～85,1,507,0,0,0
12家政群幼保類,83.01～84,481,362,140,16,38
12家政群幼保類,82.01～83,0,470,0,0,0
12家政群幼保類,81.01～82,612,397,0,36,56
12家政群幼保類,80.01～81,0,417,0,0,0
12家政群幼保類,79.01～80,876,377,122,42,35
12家政群幼保類,78.01～79,0,404,0,0,0
12家政群幼保類,77.01～78,1168,399,0,72,63
12家政群幼保類,76.01～77,0,393,0,0,0
12家政群幼保類,75.01～76,1427,431,140,83,69
12家政群幼保類,74.01～75,0,342,0,0,0
12家政群幼保類,73.01～74,1766,498,0,73,60
12家政群幼保類,72.01～73,0,315,0,0,0
12家政群幼保類,71.01～72,2001,519,129,97,57
12家政群幼保類,70.01～71,0,336,0,0,0
12家政群幼保類,69.01～70,2267,524,0,94,51
12家政群幼保類,68.01～69,1,327,0,0,0
12家政群幼保類,67.01～68,2495,547,145,136,43
12家政群幼保類,66.01～67,1,318,0,0,0
12家政群幼保類,65.01～66,2714,550,0,123,67
12家政群幼保類,64.01～65,2,321,0,0,0
12家政群幼保類,63.01～64,2876,573,191,134,55
12家政群幼保類,62.01～63,0,298,0,0,0
12家政群幼保類,61.01～62,2822,597,0,134,51
12家政群幼保類,60.01～61,0,323,0,0,0
12家政群幼保類,59.01～60,2939,613,193,137,62
12家政群幼保類,58.01～59,0,328,0,0,0
12家政群幼保類,57.01～58,2938,620,0,161,56
12家政群幼保類,56.01～57,0,346,0,0,0
12家政群幼保類,55.01～56,2870,607,253,165,52
12家政群幼保類,54.01～55,0,393,0,0,0
12家政群幼保類,53.01～54,2849,655,0,178,55
12家政群幼保類,52.01～53,1,398,0,0,0
12家政群幼保類,51.01～52,2718,641,280,175,67
12家政群幼保類,50.01～51,0,442,0,0,0
12家政群幼保類,49.01～50,2616,713,0,207,46
12家政群幼保類,48.01～49,1,390,0,0,0
12家政群幼保類,47.01～48,2468,706,314,211,62
12家政群幼保類,46.01～47,0,479,0,0,0
12家政群幼保類,45.01～46,2387,718,0,235,48
12家政群幼保類,44.01～45,0,499,0,0,0
12家政群幼保類,43.01～44,2154,682,381,223,49
12家政群幼保類,42.01～43,0,521,0,0,0
12家政群幼保類,41.01～42,2052,730,0,193,46
12家政群幼保類,40.01～41,1,547,0,1,0
12家政群幼保類,39.01～40,1841,741,466,196,51
12家政群幼保類,38.01～39,2,633,0,0,0
12家政群幼保類,37.01～38,1655,818,0,155,42
12家政群幼保類,36.01～37,2,583,0,0,0
12家政群幼保類,35.01～36,1610,950,512,137,26
12家政群幼保類,34.01～35,0,714,0,0,0
12家政群幼保類,33.01～34,1419,1049,0,119,28
12家政群幼保類,32.01～33,1,721,0,0,0
12家政群幼保類,31.01～32,1230,1359,567,113,24
12家政群幼保類,30.01～31,1,770,0,0,0
12家政群幼保類,29.01～30,1041,1607,0,95,20
12家政群幼保類,28.01～29,1,836,0,0,0
12家政群幼保類,27.01～28,907,2002,615,74,16
12家政群幼保類,26.01～27,0,834,0,0,0
12家政群幼保類,25.01～26,841,2398,0,64,15
12家政群幼保類,24.01～25,1,901,0,0,0
12家政群幼保類,23.01～24,724,2765,488,42,11
12家政群幼保類,22.01～23,0,957,0,0,0
12家政群幼保類,21.01～22,639,3440,0,40,9
12家政群幼保類,20.01～21,0,583,0,0,0
12家政群幼保類,19.01～20,751,3837,278,26,3
12家政群幼保類,18.01～19,3,380,0,0,0
12家政群幼保類,17.01～18,601,2338,0,6,1
12家政群幼保類,16.01～17,0,256,0,0,0
12家政群幼保類,15.01～16,340,1551,143,6,1
12家政群幼保類,14.01～15,0,136,0,0,0
12家政群幼保類,13.01～14,232,1030,0,5,2
12家政群幼保類,12.01～13,0,72,0,0,0
12家政群幼保類,11.01～12,147,591,67,4,0
12家政群幼保類,10.01～11,1,25,0,0,0
12家政群幼保類,9.01～10,65,250,0,0,0
12家政群幼保類,8.01～9,0,10,0,0,0
12家政群幼保類,7.01～8,41,117,19,1,0
12家政群幼保類,6.01～7,0,2,0,0,0
12家政群幼保類,5.01～6,13,28,0,0,0
12家政群幼保類,4.01～5,0,0,0,0,0
12家政群幼保類,3.01～4,6,6,1,0,0
12家政群幼保類,2.01～3,0,0,0,0,0
12家政群幼保類,1.01～2,2,1,0,0,0
12家政群幼保類,0.01～1,0,0,0,0,0
12家政群幼保類,0.00,14,11,0,0,0
13家政群生活應用類,99.01～100,1,60,109,0,0
13家政群生活應用類,98.01～99,0,204,0,0,0
13家政群生活應用類,97.01～98,0,98,0,0,0
13家政群生活應用類,96.01～97,0,438,0,0,0
13家政群生活應用類,95.01～96,6,142,236,2,0
13家政群生活應用類,94.01～95,0,614,0,0,0
13家政群生活應用類,93.01～94,17,211,0,0,3
13家政群生活應用類,92.01～93,0,620,0,0,0
13家政群生活應用類,91.01～92,49,256,166,3,5
13家政群生活應用類,90.01～91,0,607,0,0,0
13家政群生活應用類,89.01～90,67,276,0,7,8
13家政群生活應用類,88.01～89,0,555,0,0,0
13家政群生活應用類,87.01～88,158,297,136,19,22
13家政群生活應用類,86.01～87,0,538,0,0,0
13家政群生活應用類,85.01～86,267,314,0,16,31
13家政群生活應用類,84.01～85,1,507,0,0,0
13家政群生活應用類,83.01～84,481,362,140,16,41
13家政群生活應用類,82.01～83,0,470,0,0,0
13家政群生活應用類,81.01～82,612,397,0,36,45
13家政群生活應用類,80.01～81,0,417,0,0,0
13家政群生活應用類,79.01～80,876,377,122,42,57
13家政群生活應用類,78.01～79,0,404,0,0,0
13家政群生活應用類,77.01～78,1168,399,0,72,50
13家政群生活應用類,76.01～77,0,393,0,0,0
13家政群生活應用類,75.01～76,1427,431,140,83,76
13家政群生活應用類,74.01～75,0,342,0,0,0
13家政群生活應用類,73.01～74,1766,498,0,73,80
13家政群生活應用類,72.01～73,0,315,0,0,0
13家政群生活應用類,71.01～72,2001,519,129,97,73
13家政群生活應用類,70.01～71,0,336,0,0,0
13家政群生活應用類,69.01～70,2267,524,0,94,88
13家政群生活應用類,68.01～69,1,327,0,0,0
13家政群生活應用類,67.01～68,2495,547,145,136,93
13家政群生活應用類,66.01～67,1,318,0,0,0
13家政群生活應用類,65.01～66,2714,550,0,123,83
13家政群生活應用類,64.01～65,2,321,0,0,0
13家政群生活應用類,63.01～64,2876,573,191,134,114
13家政群生活應用類,62.01～63,0,298,0,0,0
13家政群生活應用類,61.01～62,2822,597,0,134,98
13家政群生活應用類,60.01～61,0,323,0,0,0
13家政群生活應用類,59.01～60,2939,613,193,137,120
13家政群生活應用類,58.01～59,0,328,0,0,1
13家政群生活應用類,57.01～58,2938,620,0,161,127
13家政群生活應用類,56.01～57,0,346,0,0,2
13家政群生活應用類,55.01～56,2870,607,253,165,132
13家政群生活應用類,54.01～55,0,393,0,0,0
13家政群生活應用類,53.01～54,2849,655,0,178,114
13家政群生活應用類,52.01～53,1,398,0,0,0
13家政群生活應用類,51.01～52,2718,641,280,175,120
13家政群生活應用類,50.01～51,0,442,0,0,0
13家政群生活應用類,49.01～50,2616,713,0,207,122
13家政群生活應用類,48.01～49,1,390,0,0,0
13家政群生活應用類,47.01～48,2468,706,314,211,98
13家政群生活應用類,46.01～47,0,479,0,0,0
13家政群生活應用類,45.01～46,2387,718,0,235,124
13家政群生活應用類,44.01～45,0,499,0,0,0
13家政群生活應用類,43.01～44,2154,682,381,223,98
13家政群生活應用類,42.01～43,0,521,0,0,0
13家政群生活應用類,41.01～42,2052,730,0,193,81
13家政群生活應用類,40.01～41,1,547,0,1,0
13家政群生活應用類,39.01～40,1841,741,466,196,102
13家政群生活應用類,38.01～39,2,633,0,0,0
13家政群生活應用類,37.01～38,1655,818,0,155,73
13家政群生活應用類,36.01～37,2,583,0,0,0
13家政群生活應用類,35.01～36,1610,950,512,137,73
13家政群生活應用類,34.01～35,0,714,0,0,0
13家政群生活應用類,33.01～34,1419,1049,0,119,60
13家政群生活應用類,32.01～33,1,721,0,0,0
13家政群生活應用類,31.01～32,1230,1359,567,113,65
13家政群生活應用類,30.01～31,1,770,0,0,0
13家政群生活應用類,29.01～30,1041,1607,0,95,60
13家政群生活應用類,28.01～29,1,836,0,0,0
13家政群生活應用類,27.01～28,907,2002,615,74,44
13家政群生活應用類,26.01～27,0,834,0,0,0
13家政群生活應用類,25.01～26,841,2398,0,64,48
13家政群生活應用類,24.01～25,1,901,0,0,0
13家政群生活應用類,23.01～24,724,2765,488,42,34
13家政群生活應用類,22.01～23,0,957,0,0,0
13家政群生活應用類,21.01～22,639,3440,0,40,41
13家政群生活應用類,20.01～21,0,583,0,0,0
13家政群生活應用類,19.01～20,751,3837,278,26,14
13家政群生活應用類,18.01～19,3,380,0,0,0
13家政群生活應用類,17.01～18,601,2338,0,6,13
13家政群生活應用類,16.01～17,0,256,0,0,0
13家政群生活應用類,15.01～16,340,1551,143,6,6
13家政群生活應用類,14.01～15,0,136,0,0,0
13家政群生活應用類,13.01～14,232,1030,0,5,3
13家政群生活應用類,12.01～13,0,72,0,0,0
13家政群生活應用類,11.01～12,147,591,67,4,1
13家政群生活應用類,10.01～11,1,25,0,0,0
13家政群生活應用類,9.01～10,65,250,0,0,0
13家政群生活應用類,8.01～9,0,10,0,0,0
13家政群生活應用類,7.01～8,41,117,19,1,0
13家政群生活應用類,6.01～7,0,2,0,0,0
13家政群生活應用類,5.01～6,13,28,0,0,0
13家政群生活應用類,4.01～5,0,0,0,0,0
13家政群生活應用類,3.01～4,6,6,1,0,0
13家政群生活應用類,2.01～3,0,0,0,0,0
13家政群生活應用類,1.01～2,2,1,0,0,0
13家政群生活應用類,0.01～1,0,0,0,0,0
13家政群生活應用類,0.00,14,11,0,0,0
14農業群,99.01～100,1,60,53,3,2
14農業群,98.01～99,0,204,0,0,0
14農業群,97.01～98,0,98,0,5,2
14農業群,96.01～97,0,438,0,0,0
14農業群,95.01～96,6,142,138,12,5
14農業群,94.01～95,0,614,0,0,0
14農業群,93.01～94,17,211,0,14,8
14農業群,92.01～93,0,620,0,0,0
14農業群,91.01～92,49,256,182,8,18
14農業群,90.01～91,0,607,0,0,0
14農業群,89.01～90,67,276,0,10,15
14農業群,88.01～89,0,555,0,0,0
14農業群,87.01～88,158,297,262,18,20
14農業群,86.01～87,0,538,0,0,0
14農業群,85.01～86,267,314,0,23,35
14農業群,84.01～85,1,507,0,0,0
14農業群,83.01～84,481,362,365,17,35
14農業群,82.01～83,0,470,0,0,0
14農業群,81.01～82,612,397,0,18,46
14農業群,80.01～81,0,417,0,0,0
14農業群,79.01～80,876,377,419,28,38
14農業群,78.01～79,0,404,0,0,0
14農業群,77.01～78,1168,399,0,23,53
14農業群,76.01～77,0,393,0,0,0
14農業群,75.01～76,1427,431,532,34,82
14農業群,74.01～75,0,342,0,0,0
14農業群,73.01～74,1766,498,0,27,44
14農業群,72.01～73,0,315,0,0,0
14農業群,71.01～72,2001,519,626,36,62
14農業群,70.01～71,0,336,0,0,0
14農業群,69.01～70,2267,524,0,41,54
14農業群,68.01～69,1,327,0,0,0
14農業群,67.01～68,2495,547,728,41,69
14農業群,66.01～67,1,318,0,0,0
14農業群,65.01～66,2714,550,0,49,74
14農業群,64.01～65,2,321,0,0,0
14農業群,63.01～64,2876,573,828,47,48
14農業群,62.01～63,0,298,0,0,0
14農業群,61.01～62,2822,597,0,54,73
14農業群,60.01～61,0,323,0,0,0
14農業群,59.01～60,2939,613,1039,41,48
14農業群,58.01～59,0,328,0,0,0
14農業群,57.01～58,2938,620,0,63,59
14農業群,56.01～57,0,346,0,0,0
14農業群,55.01～56,2870,607,1101,43,64
14農業群,54.01～55,0,393,0,0,0
14農業群,53.01～54,2849,655,1,68,50
14農業群,52.01～53,1,398,0,0,0
14農業群,51.01～52,2718,641,1304,61,50
14農業群,50.01～51,0,442,0,0,0
14農業群,49.01～50,2616,713,0,45,52
14農業群,48.01～49,1,390,0,0,0
14農業群,47.01～48,2468,706,1510,62,48
14農業群,46.01～47,0,479,0,0,0
14農業群,45.01～46,2387,718,0,66,43
14農業群,44.01～45,0,499,0,0,0
14農業群,43.01～44,2154,682,1862,67,38
14農業群,42.01～43,0,521,0,0,0
14農業群,41.01～42,2052,730,1,65,32
14農業群,40.01～41,1,547,0,0,0
14農業群,39.01～40,1841,741,2364,60,19
14農業群,38.01～39,2,633,0,0,0
14農業群,37.01～38,1655,818,1,43,21
14農業群,36.01～37,2,583,0,0,0
14農業群,35.01～36,1610,950,2881,51,25
14農業群,34.01～35,0,714,2,0,0
14農業群,33.01～34,1419,1049,0,33,20
14農業群,32.01～33,1,721,0,0,0
14農業群,31.01～32,1230,1359,3278,28,18
14農業群,30.01～31,1,770,2,0,0
14農業群,29.01～30,1041,1607,1,36,14
14農業群,28.01～29,1,836,0,0,0
14農業群,27.01～28,907,2002,4204,28,10
14農業群,26.01～27,0,834,1,0,0
14農業群,25.01～26,841,2398,1,22,14
14農業群,24.01～25,1,901,0,0,0
14農業群,23.01～24,724,2765,4315,19,5
14農業群,22.01～23,0,957,1,0,0
14農業群,21.01～22,639,3440,0,17,8
14農業群,20.01～21,0,583,0,0,0
14農業群,19.01～20,751,3837,2669,0,5
14農業群,18.01～19,3,380,1,0,0
14農業群,17.01～18,601,2338,0,4,3
14農業群,16.01～17,0,256,0,0,0
14農業群,15.01～16,340,1551,1581,1,0
14農業群,14.01～15,0,136,0,0,0
14農業群,13.01～14,232,1030,0,1,0
14農業群,12.01～13,0,72,0,0,0
14農業群,11.01～12,147,591,794,0,0
14農業群,10.01～11,1,25,0,0,0
14農業群,9.01～10,65,250,1,0,0
14農業群,8.01～9,0,10,0,0,0
14農業群,7.01～8,41,117,291,0,0
14農業群,6.01～7,0,2,1,0,0
14農業群,5.01～6,13,28,0,0,0
14農業群,4.01～5,0,0,0,0,0
14農業群,3.01～4,6,6,57,0,0
14農業群,2.01～3,0,0,0,0,0
14農業群,1.01～2,2,1,1,0,0
14農業群,0.01～1,0,0,0,0,0
14農業群,0.00,14,11,23,0,1
15外語群英語類,99.01～100,1,60,53,0,0
15外語群英語類,98.01～99,0,204,0,0,0
15外語群英語類,97.01～98,0,98,0,0,1
15外語群英語類,96.01～97,0,438,0,0,0
15外語群英語類,95.01～96,6,142,138,15,0
15外語群英語類,94.01～95,0,614,0,0,0
15外語群英語類,93.01～94,17,211,0,23,2
15外語群英語類,92.01～93,0,620,0,0,1
15外語群英語類,91.01～92,49,256,182,30,5
15外語群英語類,90.01～91,0,607,0,0,6
15外語群英語類,89.01～90,67,276,0,60,8
15外語群英語類,88.01～89,0,555,0,0,12
15外語群英語類,87.01～88,158,297,262,91,9
15外語群英語類,86.01～87,0,538,0,0,18
15外語群英語類,85.01～86,267,314,0,135,24
15外語群英語類,84.01～85,1,507,0,0,30
15外語群英語類,83.01～84,481,362,365,174,32
15外語群英語類,82.01～83,0,470,0,0,29
15外語群英語類,81.01～82,612,397,0,213,36
15外語群英語類,80.01～81,0,417,0,0,41
15外語群英語類,79.01～80,876,377,419,270,43
15外語群英語類,78.01～79,0,404,0,0,56
15外語群英語類,77.01～78,1168,399,0,318,46
15外語群英語類,76.01～77,0,393,0,0,59
15外語群英語類,75.01～76,1427,431,532,368,46
15外語群英語類,74.01～75,0,342,0,0,44
15外語群英語類,73.01～74,1766,498,0,413,53
15外語群英語類,72.01～73,0,315,0,0,58
15外語群英語類,71.01～72,2001,519,626,403,51
15外語群英語類,70.01～71,0,336,0,0,44
15外語群英語類,69.01～70,2267,524,0,433,44
15外語群英語類,68.01～69,1,327,0,0,43
15外語群英語類,67.01～68,2495,547,728,482,50
15外語群英語類,66.01～67,1,318,0,0,55
15外語群英語類,65.01～66,2714,550,0,509,51
15外語群英語類,64.01～65,2,321,0,0,51
15外語群英語類,63.01～64,2876,573,828,525,53
15外語群英語類,62.01～63,0,298,0,0,43
15外語群英語類,61.01～62,2822,597,0,548,40
15外語群英語類,60.01～61,0,323,0,0,40
15外語群英語類,59.01～60,2939,613,1039,559,46
15外語群英語類,58.01～59,0,328,0,0,47
15外語群英語類,57.01～58,2938,620,0,598,35
15外語群英語類,56.01～57,0,346,0,0,32
15外語群英語類,55.01～56,2870,607,1101,617,44
15外語群英語類,54.01～55,0,393,0,0,31
15外語群英語類,53.01～54,2849,655,1,539,48
15外語群英語類,52.01～53,1,398,0,0,37
15外語群英語類,51.01～52,2718,641,1304,624,43
15外語群英語類,50.01～51,0,442,0,0,39
15外語群英語類,49.01～50,2616,713,0,571,44
15外語群英語類,48.01～49,1,390,0,0,53
15外語群英語類,47.01～48,2468,706,1510,598,35
15外語群英語類,46.01～47,0,479,0,0,38
15外語群英語類,45.01～46,2387,718,0,590,48
15外語群英語類,44.01～45,0,499,0,0,50
15外語群英語類,43.01～44,2154,682,1862,559,41
15外語群英語類,42.01～43,0,521,0,0,30
15外語群英語類,41.01～42,2052,730,1,579,41
15外語群英語類,40.01～41,1,547,0,0,56
15外語群英語類,39.01～40,1841,741,2364,614,50
15外語群英語類,38.01～39,2,633,0,0,36
15外語群英語類,37.01～38,1655,818,1,545,41
15外語群英語類,36.01～37,2,583,0,0,39
15外語群英語類,35.01～36,1610,950,2881,602,35
15外語群英語類,34.01～35,0,714,2,0,28
15外語群英語類,33.01～34,1419,1049,0,515,34
15外語群英語類,32.01～33,1,721,0,0,29
15外語群英語類,31.01～32,1230,1359,3278,527,38
15外語群英語類,30.01～31,1,770,2,0,35
15外語群英語類,29.01～30,1041,1607,1,464,32
15外語群英語類,28.01～29,1,836,0,0,23
15外語群英語類,27.01～28,907,2002,4204,459,23
15外語群英語類,26.01～27,0,834,1,0,20
15外語群英語類,25.01～26,841,2398,1,401,35
15外語群英語類,24.01～25,1,901,0,0,19
15外語群英語類,23.01～24,724,2765,4315,336,27
15外語群英語類,22.01～23,0,957,1,0,21
15外語群英語類,21.01～22,639,3440,0,268,19
15外語群英語類,20.01～21,0,583,0,0,12
15外語群英語類,19.01～20,751,3837,2669,154,25
15外語群英語類,18.01～19,3,380,1,0,5
15外語群英語類,17.01～18,601,2338,0,113,24
15外語群英語類,16.01～17,0,256,0,0,9
15外語群英語類,15.01～16,340,1551,1581,55,26
15外語群英語類,14.01～15,0,136,0,0,2
15外語群英語類,13.01～14,232,1030,0,29,18
15外語群英語類,12.01～13,0,72,0,0,0
15外語群英語類,11.01～12,147,591,794,17,10
15外語群英語類,10.01～11,1,25,0,0,2
15外語群英語類,9.01～10,65,250,1,3,6
15外語群英語類,8.01～9,0,10,0,0,0
15外語群英語類,7.01～8,41,117,291,1,6
15外語群英語類,6.01～7,0,2,1,0,1
15外語群英語類,5.01～6,13,28,0,0,5
15外語群英語類,4.01～5,0,0,0,0,0
15外語群英語類,3.01～4,6,6,57,1,0
15外語群英語類,2.01～3,0,0,0,0,0
15外語群英語類,1.01～2,2,1,1,0,0
15外語群英語類,0.01～1,0,0,0,0,0
15外語群英語類,0.00,14,11,23,0,1
16外語群日語類,99.01～100,1,60,53,0,1
16外語群日語類,98.01～99,0,204,0,0,0
16外語群日語類,97.01～98,0,98,0,0,4
16外語群日語類,96.01～97,0,438,0,0,0
16外語群日語類,95.01～96,6,142,138,15,4
16外語群日語類,94.01～95,0,614,0,0,0
16外語群日語類,93.01～94,17,211,0,23,2
16外語群日語類,92.01～93,0,620,0,0,0
16外語群日語類,91.01～92,49,256,182,30,8
16外語群日語類,90.01～91,0,607,0,0,0
16外語群日語類,89.01～90,67,276,0,60,9
16外語群日語類,88.01～89,0,555,0,0,0
16外語群日語類,87.01～88,158,297,262,91,9
16外語群日語類,86.01～87,0,538,0,0,0
16外語群日語類,85.01～86,267,314,0,135,11
16外語群日語類,84.01～85,1,507,0,0,0
16外語群日語類,83.01～84,481,362,365,174,10
16外語群日語類,82.01～83,0,470,0,0,0
16外語群日語類,81.01～82,612,397,0,213,14
16外語群日語類,80.01～81,0,417,0,0,0
16外語群日語類,79.01～80,876,377,419,270,20
16外語群日語類,78.01～79,0,404,0,0,0
16外語群日語類,77.01～78,1168,399,0,318,21
16外語群日語類,76.01～77,0,393,0,0,0
16外語群日語類,75.01～76,1427,431,532,368,18
16外語群日語類,74.01～75,0,342,0,0,0
16外語群日語類,73.01～74,1766,498,0,413,19
16外語群日語類,72.01～73,0,315,0,0,0
16外語群日語類,71.01～72,2001,519,626,403,19
16外語群日語類,70.01～71,0,336,0,0,0
16外語群日語類,69.01～70,2267,524,0,433,22
16外語群日語類,68.01～69,1,327,0,0,0
16外語群日語類,67.01～68,2495,547,728,482,23
16外語群日語類,66.01～67,1,318,0,0,0
16外語群日語類,65.01～66,2714,550,0,509,26
16外語群日語類,64.01～65,2,321,0,0,0
16外語群日語類,63.01～64,2876,573,828,525,28
16外語群日語類,62.01～63,0,298,0,0,0
16外語群日語類,61.01～62,2822,597,0,548,27
16外語群日語類,60.01～61,0,323,0,0,0
16外語群日語類,59.01～60,2939,613,1039,559,29
16外語群日語類,58.01～59,0,328,0,0,0
16外語群日語類,57.01～58,2938,620,0,598,38
16外語群日語類,56.01～57,0,346,0,0,0
16外語群日語類,55.01～56,2870,607,1101,617,43
16外語群日語類,54.01～55,0,393,0,0,0
16外語群日語類,53.01～54,2849,655,1,539,43
16外語群日語類,52.01～53,1,398,0,0,0
16外語群日語類,51.01～52,2718,641,1304,624,39
16外語群日語類,50.01～51,0,442,0,0,0
16外語群日語類,49.01～50,2616,713,0,571,33
16外語群日語類,48.01～49,1,390,0,0,0
16外語群日語類,47.01～48,2468,706,1510,598,52
16外語群日語類,46.01～47,0,479,0,0,0
16外語群日語類,45.01～46,2387,718,0,590,43
16外語群日語類,44.01～45,0,499,0,0,0
16外語群日語類,43.01～44,2154,682,1862,559,49
16外語群日語類,42.01～43,0,521,0,0,0
16外語群日語類,41.01～42,2052,730,1,579,52
16外語群日語類,40.01～41,1,547,0,0,0
16外語群日語類,39.01～40,1841,741,2364,614,59
16外語群日語類,38.01～39,2,633,0,0,0
16外語群日語類,37.01～38,1655,818,1,545,46
16外語群日語類,36.01～37,2,583,0,0,0
16外語群日語類,35.01～36,1610,950,2881,602,47
16外語群日語類,34.01～35,0,714,2,0,0
16外語群日語類,33.01～34,1419,1049,0,515,48
16外語群日語類,32.01～33,1,721,0,0,0
16外語群日語類,31.01～32,1230,1359,3278,527,33
16外語群日語類,30.01～31,1,770,2,0,0
16外語群日語類,29.01～30,1041,1607,1,464,42
16外語群日語類,28.01～29,1,836,0,0,0
16外語群日語類,27.01～28,907,2002,4204,459,43
16外語群日語類,26.01～27,0,834,1,0,0
16外語群日語類,25.01～26,841,2398,1,401,41
16外語群日語類,24.01～25,1,901,0,0,0
16外語群日語類,23.01～24,724,2765,4315,336,35
16外語群日語類,22.01～23,0,957,1,0,0
16外語群日語類,21.01～22,639,3440,0,268,21
16外語群日語類,20.01～21,0,583,0,0,0
16外語群日語類,19.01～20,751,3837,2669,154,13
16外語群日語類,18.01～19,3,380,1,0,0
16外語群日語類,17.01～18,601,2338,0,113,6
16外語群日語類,16.01～17,0,256,0,0,0
16外語群日語類,15.01～16,340,1551,1581,55,6
16外語群日語類,14.01～15,0,136,0,0,0
16外語群日語類,13.01～14,232,1030,0,29,2
16外語群日語類,12.01～13,0,72,0,0,0
16外語群日語類,11.01～12,147,591,794,17,2
16外語群日語類,10.01～11,1,25,0,0,0
16外語群日語類,9.01～10,65,250,1,3,1
16外語群日語類,8.01～9,0,10,0,0,0
16外語群日語類,7.01～8,41,117,291,1,1
16外語群日語類,6.01～7,0,2,1,0,0
16外語群日語類,5.01～6,13,28,0,0,0
16外語群日語類,4.01～5,0,0,0,0,0
16外語群日語類,3.01～4,6,6,57,1,0
16外語群日語類,2.01～3,0,0,0,0,0
16外語群日語類,1.01～2,2,1,1,0,0
16外語群日語類,0.01～1,0,0,0,0,0
16外語群日語類,0.00,14,11,23,0,0
17餐旅群,99.01～100,1,60,53,1,0
17餐旅群,98.01～99,0,204,0,0,0
17餐旅群,97.01～98,0,98,0,4,0
17餐旅群,96.01～97,0,438,0,0,0
17餐旅群,95.01～96,6,142,138,4,3
17餐旅群,94.01～95,0,614,0,0,0
17餐旅群,93.01～94,17,211,0,19,8
17餐旅群,92.01～93,0,620,0,0,0
17餐旅群,91.01～92,49,256,182,16,15
17餐旅群,90.01～91,0,607,0,0,0
17餐旅群,89.01～90,67,276,0,44,21
17餐旅群,88.01～89,0,555,0,0,0
17餐旅群,87.01～88,158,297,262,45,29
17餐旅群,86.01～87,0,538,0,0,0
17餐旅群,85.01～86,267,314,0,63,37
17餐旅群,84.01～85,1,507,0,0,0
17餐旅群,83.01～84,481,362,365,82,58
17餐旅群,82.01～83,0,470,0,0,0
17餐旅群,81.01～82,612,397,0,85,66
17餐旅群,80.01～81,0,417,0,0,0
17餐旅群,79.01～80,876,377,419,68,61
17餐旅群,78.01～79,0,404,0,0,0
17餐旅群,77.01～78,1168,399,0,110,78
17餐旅群,76.01～77,0,393,0,0,0
17餐旅群,75.01～76,1427,431,532,103,91
17餐旅群,74.01～75,0,342,0,0,0
17餐旅群,73.01～74,1766,498,0,115,92
17餐旅群,72.01～73,0,315,0,0,0
17餐旅群,71.01～72,2001,519,626,93,91
17餐旅群,70.01～71,0,336,0,0,0
17餐旅群,69.01～70,2267,524,0,111,92
17餐旅群,68.01～69,1,327,0,0,0
17餐旅群,67.01～68,2495,547,728,116,130
17餐旅群,66.01～67,1,318,0,0,0
17餐旅群,65.01～66,2714,550,0,111,140
17餐旅群,64.01～65,2,321,0,0,0
17餐旅群,63.01～64,2876,573,828,124,133
17餐旅群,62.01～63,0,298,0,0,0
17餐旅群,61.01～62,2822,597,0,131,137
17餐旅群,60.01～61,0,323,0,0,0
17餐旅群,59.01～60,2939,613,1039,153,144
17餐旅群,58.01～59,0,328,0,0,0
17餐旅群,57.01～58,2938,620,0,142,136
17餐旅群,56.01～57,0,346,0,0,0
17餐旅群,55.01～56,2870,607,1101,199,166
17餐旅群,54.01～55,0,393,0,0,0
17餐旅群,53.01～54,2849,655,1,192,197
17餐旅群,52.01～53,1,398,0,0,0
17餐旅群,51.01～52,2718,641,1304,266,192
17餐旅群,50.01～51,0,442,0,0,0
17餐旅群,49.01～50,2616,713,0,274,240
17餐旅群,48.01～49,1,390,0,0,0
17餐旅群,47.01～48,2468,706,1510,329,263
17餐旅群,46.01～47,0,479,0,0,0
17餐旅群,45.01～46,2387,718,0,363,283
17餐旅群,44.01～45,0,499,0,0,0
17餐旅群,43.01～44,2154,682,1862,437,353
17餐旅群,42.01～43,0,521,0,0,0
17餐旅群,41.01～42,2052,730,1,470,371
17餐旅群,40.01～41,1,547,0,0,0
17餐旅群,39.01～40,1841,741,2364,432,436
17餐旅群,38.01～39,2,633,0,0,0
17餐旅群,37.01～38,1655,818,1,464,440
17餐旅群,36.01～37,2,583,0,0,0
17餐旅群,35.01～36,1610,950,2881,441,427
17餐旅群,34.01～35,0,714,2,1,0
17餐旅群,33.01～34,1419,1049,0,392,422
17餐旅群,32.01～33,1,721,0,1,0
17餐旅群,31.01～32,1230,1359,3278,338,416
17餐旅群,30.01～31,1,770,2,0,0
17餐旅群,29.01～30,1041,1607,1,301,423
17餐旅群,28.01～29,1,836,0,0,0
17餐旅群,27.01～28,907,2002,4204,257,336
17餐旅群,26.01～27,0,834,1,0,0
17餐旅群,25.01～26,841,2398,1,230,355
17餐旅群,24.01～25,1,901,0,0,0
17餐旅群,23.01～24,724,2765,4315,204,278
17餐旅群,22.01～23,0,957,1,0,0
17餐旅群,21.01～22,639,3440,0,108,180
17餐旅群,20.01～21,0,583,0,0,0
17餐旅群,19.01～20,751,3837,2669,77,120
17餐旅群,18.01～19,3,380,1,0,0
17餐旅群,17.01～18,601,2338,0,46,80
17餐旅群,16.01～17,0,256,0,0,0
17餐旅群,15.01～16,340,1551,1581,26,45
17餐旅群,14.01～15,0,136,0,0,0
17餐旅群,13.01～14,232,1030,0,18,10
17餐旅群,12.01～13,0,72,0,0,0
17餐旅群,11.01～12,147,591,794,10,7
17餐旅群,10.01～11,1,25,0,0,0
17餐旅群,9.01～10,65,250,1,2,4
17餐旅群,8.01～9,0,10,0,0,0
17餐旅群,7.01～8,41,117,291,0,1
17餐旅群,6.01～7,0,2,1,0,0
17餐旅群,5.01～6,13,28,0,0,0
17餐旅群,4.01～5,0,0,0,0,0
17餐旅群,3.01～4,6,6,57,0,0
17餐旅群,2.01～3,0,0,0,0,0
17餐旅群,1.01～2,2,1,1,0,0
17餐旅群,0.01～1,0,0,0,0,0
17餐旅群,0.00,14,11,23,3,1
18海事群,99.01～100,1,60,53,0,0
18海事群,98.01～99,0,204,0,0,0
18海事群,97.01～98,0,98,0,0,0
18海事群,96.01～97,0,438,0,0,0
18海事群,95.01～96,6,142,138,0,0
18海事群,94.01～95,0,614,0,0,0
18海事群,93.01～94,17,211,0,0,0
18海事群,92.01～93,0,620,0,0,0
18海事群,91.01～92,49,256,182,0,0
18海事群,90.01～91,0,607,0,0,0
18海事群,89.01～90,67,276,0,0,0
18海事群,88.01～89,0,555,0,0,0
18海事群,87.01～88,158,297,262,0,0
18海事群,86.01～87,0,538,0,0,0
18海事群,85.01～86,267,314,0,1,1
18海事群,84.01～85,1,507,0,0,0
18海事群,83.01～84,481,362,365,0,0
18海事群,82.01～83,0,470,0,0,0
18海事群,81.01～82,612,397,0,0,2
18海事群,80.01～81,0,417,0,0,0
18海事群,79.01～80,876,377,419,0,0
18海事群,78.01～79,0,404,0,0,0
18海事群,77.01～78,1168,399,0,0,5
18海事群,76.01～77,0,393,0,0,0
18海事群,75.01～76,1427,431,532,3,3
18海事群,74.01～75,0,342,0,0,0
18海事群,73.01～74,1766,498,0,2,3
18海事群,72.01～73,0,315,0,0,0
18海事群,71.01～72,2001,519,626,3,7
18海事群,70.01～71,0,336,0,0,0
18海事群,69.01～70,2267,524,0,1,1
18海事群,68.01～69,1,327,0,0,0
18海事群,67.01～68,2495,547,728,5,2
18海事群,66.01～67,1,318,0,0,0
18海事群,65.01～66,2714,550,0,7,2
18海事群,64.01～65,2,321,0,0,0
18海事群,63.01～64,2876,573,828,4,4
18海事群,62.01～63,0,298,0,0,0
18海事群,61.01～62,2822,597,0,7,9
18海事群,60.01～61,0,323,0,0,0
18海事群,59.01～60,2939,613,1039,3,4
18海事群,58.01～59,0,328,0,0,0
18海事群,57.01～58,2938,620,0,1,7
18海事群,56.01～57,0,346,0,0,0
18海事群,55.01～56,2870,607,1101,6,9
18海事群,54.01～55,0,393,0,0,0
18海事群,53.01～54,2849,655,1,6,7
18海事群,52.01～53,1,398,0,0,0
18海事群,51.01～52,2718,641,1304,14,10
18海事群,50.01～51,0,442,0,0,0
18海事群,49.01～50,2616,713,0,6,12
18海事群,48.01～49,1,390,0,0,0
18海事群,47.01～48,2468,706,1510,9,7
18海事群,46.01～47,0,479,0,0,0
18海事群,45.01～46,2387,718,0,12,13
18海事群,44.01～45,0,499,0,0,0
18海事群,43.01～44,2154,682,1862,6,12
18海事群,42.01～43,0,521,0,0,0
18海事群,41.01～42,2052,730,1,5,12
18海事群,40.01～41,1,547,0,0,0
18海事群,39.01～40,1841,741,2364,10,6
18海事群,38.01～39,2,633,0,0,0
18海事群,37.01～38,1655,818,1,5,3
18海事群,36.01～37,2,583,0,0,1
18海事群,35.01～36,1610,950,2881,14,6
18海事群,34.01～35,0,714,2,0,0
18海事群,33.01～34,1419,1049,0,11,5
18海事群,32.01～33,1,721,0,0,0
18海事群,31.01～32,1230,1359,3278,6,7
18海事群,30.01～31,1,770,2,0,0
18海事群,29.01～30,1041,1607,1,5,4
18海事群,28.01～29,1,836,0,0,0
18海事群,27.01～28,907,2002,4204,11,4
18海事群,26.01～27,0,834,1,0,0
18海事群,25.01～26,841,2398,1,4,6
18海事群,24.01～25,1,901,0,0,0
18海事群,23.01～24,724,2765,4315,7,3
18海事群,22.01～23,0,957,1,0,0
18海事群,21.01～22,639,3440,0,2,4
18海事群,20.01～21,0,583,0,0,0
18海事群,19.01～20,751,3837,2669,4,2
18海事群,18.01～19,3,380,1,0,0
18海事群,17.01～18,601,2338,0,1,0
18海事群,16.01～17,0,256,0,0,0
18海事群,15.01～16,340,1551,1581,3,1
18海事群,14.01～15,0,136,0,0,0
18海事群,13.01～14,232,1030,0,1,0
18海事群,12.01～13,0,72,0,0,0
18海事群,11.01～12,147,591,794,1,0
18海事群,10.01～11,1,25,0,0,0
18海事群,9.01～10,65,250,1,0,0
18海事群,8.01～9,0,10,0,0,0
18海事群,7.01～8,41,117,291,0,0
18海事群,6.01～7,0,2,1,0,0
18海事群,5.01～6,13,28,0,0,0
18海事群,4.01～5,0,0,0,0,0
18海事群,3.01～4,6,6,57,0,0
18海事群,2.01～3,0,0,0,0,0
18海事群,1.01～2,2,1,1,0,0
18海事群,0.01～1,0,0,0,0,0
18海事群,0.00,14,11,23,0,1
19水產群,99.01～100,1,60,53,0,0
19水產群,98.01～99,0,204,0,0,0
19水產群,97.01～98,0,98,0,0,0
19水產群,96.01～97,0,438,0,0,0
19水產群,95.01～96,6,142,138,0,0
19水產群,94.01～95,0,614,0,0,0
19水產群,93.01～94,17,211,0,0,0
19水產群,92.01～93,0,620,0,0,0
19水產群,91.01～92,49,256,182,0,0
19水產群,90.01～91,0,607,0,0,0
19水產群,89.01～90,67,276,0,0,0
19水產群,88.01～89,0,555,0,0,0
19水產群,87.01～88,158,297,262,0,0
19水產群,86.01～87,0,538,0,0,0
19水產群,85.01～86,267,314,0,0,1
19水產群,84.01～85,1,507,0,0,0
19水產群,83.01～84,481,362,365,1,0
19水產群,82.01～83,0,470,0,0,0
19水產群,81.01～82,612,397,0,2,1
19水產群,80.01～81,0,417,0,0,0
19水產群,79.01～80,876,377,419,0,1
19水產群,78.01～79,0,404,0,0,0
19水產群,77.01～78,1168,399,0,1,1
19水產群,76.01～77,0,393,0,0,0
19水產群,75.01～76,1427,431,532,7,2
19水產群,74.01～75,0,342,0,0,0
19水產群,73.01～74,1766,498,0,2,3
19水產群,72.01～73,0,315,0,0,0
19水產群,71.01～72,2001,519,626,2,1
19水產群,70.01～71,0,336,0,0,0
19水產群,69.01～70,2267,524,0,1,3
19水產群,68.01～69,1,327,0,0,0
19水產群,67.01～68,2495,547,728,3,2
19水產群,66.01～67,1,318,0,0,0
19水產群,65.01～66,2714,550,0,2,4
19水產群,64.01～65,2,321,0,0,0
19水產群,63.01～64,2876,573,828,5,1
19水產群,62.01～63,0,298,0,0,0
19水產群,61.01～62,2822,597,0,4,5
19水產群,60.01～61,0,323,0,0,0
19水產群,59.01～60,2939,613,1039,3,3
19水產群,58.01～59,0,328,0,0,0
19水產群,57.01～58,2938,620,0,10,2
19水產群,56.01～57,0,346,0,0,0
19水產群,55.01～56,2870,607,1101,11,8
19水產群,54.01～55,0,393,0,0,0
19水產群,53.01～54,2849,655,1,11,5
19水產群,52.01～53,1,398,0,0,0
19水產群,51.01～52,2718,641,1304,9,5
19水產群,50.01～51,0,442,0,0,0
19水產群,49.01～50,2616,713,0,9,6
19水產群,48.01～49,1,390,0,0,0
19水產群,47.01～48,2468,706,1510,8,2
19水產群,46.01～47,0,479,0,0,0
19水產群,45.01～46,2387,718,0,6,9
19水產群,44.01～45,0,499,0,0,0
19水產群,43.01～44,2154,682,1862,8,13
19水產群,42.01～43,0,521,0,0,0
19水產群,41.01～42,2052,730,1,4,6
19水產群,40.01～41,1,547,0,0,0
19水產群,39.01～40,1841,741,2364,3,6
19水產群,38.01～39,2,633,0,0,0
19水產群,37.01～38,1655,818,1,4,5
19水產群,36.01～37,2,583,0,0,0
19水產群,35.01～36,1610,950,2881,1,4
19水產群,34.01～35,0,714,2,0,0
19水產群,33.01～34,1419,1049,0,2,6
19水產群,32.01～33,1,721,0,0,0
19水產群,31.01～32,1230,1359,3278,1,2
19水產群,30.01～31,1,770,2,0,0
19水產群,29.01～30,1041,1607,1,0,7
19水產群,28.01～29,1,836,0,0,0
19水產群,27.01～28,907,2002,4204,0,3
19水產群,26.01～27,0,834,1,0,0
19水產群,25.01～26,841,2398,1,1,3
19水產群,24.01～25,1,901,0,0,0
19水產群,23.01～24,724,2765,4315,0,0
19水產群,22.01～23,0,957,1,0,0
19水產群,21.01～22,639,3440,0,1,2
19水產群,20.01～21,0,583,0,0,0
19水產群,19.01～20,751,3837,2669,0,0
19水產群,18.01～19,3,380,1,0,0
19水產群,17.01～18,601,2338,0,1,0
19水產群,16.01～17,0,256,0,0,0
19水產群,15.01～16,340,1551,1581,1,0
19水產群,14.01～15,0,136,0,0,0
19水產群,13.01～14,232,1030,0,0,0
19水產群,12.01～13,0,72,0,0,0
19水產群,11.01～12,147,591,794,0,0
19水產群,10.01～11,1,25,0,0,0
19水產群,9.01～10,65,250,1,0,0
19水產群,8.01～9,0,10,0,0,0
19水產群,7.01～8,41,117,291,0,0
19水產群,6.01～7,0,2,1,0,0
19水產群,5.01～6,13,28,0,0,0
19水產群,4.01～5,0,0,0,0,0
19水產群,3.01～4,6,6,57,0,0
19水產群,2.01～3,0,0,0,0,0
19水產群,1.01～2,2,1,1,0,0
19水產群,0.01～1,0,0,0,0,0
19水產群,0.00,14,11,23,0,0
20影視群,99.01～100,1,60,53,0,0
20影視群,98.01～99,0,204,0,0,0
20影視群,97.01～98,0,98,0,0,0
20影視群,96.01～97,0,438,0,0,0
20影視群,95.01～96,6,142,138,0,0
20影視群,94.01～95,0,614,0,0,0
20影視群,93.01～94,17,211,0,0,0
20影視群,92.01～93,0,620,0,0,0
20影視群,91.01～92,49,256,182,0,0
20影視群,90.01～91,0,607,0,0,0
20影視群,89.01～90,67,276,0,0,0
20影視群,88.01～89,0,555,0,0,0
20影視群,87.01～88,158,297,262,1,0
20影視群,86.01～87,0,538,0,0,0
20影視群,85.01～86,267,314,0,1,2
20影視群,84.01～85,1,507,0,0,0
20影視群,83.01～84,481,362,365,0,4
20影視群,82.01～83,0,470,0,0,0
20影視群,81.01～82,612,397,0,2,3
20影視群,80.01～81,0,417,0,0,0
20影視群,79.01～80,876,377,419,2,9
20影視群,78.01～79,0,404,0,0,0
20影視群,77.01～78,1168,399,0,1,11
20影視群,76.01～77,0,393,0,0,0
20影視群,75.01～76,1427,431,532,3,16
20影視群,74.01～75,0,342,0,0,0
20影視群,73.01～74,1766,498,0,4,13
20影視群,72.01～73,0,315,0,0,0
20影視群,71.01～72,2001,519,626,5,15
20影視群,70.01～71,0,336,0,0,0
20影視群,69.01～70,2267,524,0,1,24
20影視群,68.01～69,1,327,0,0,0
20影視群,67.01～68,2495,547,728,3,28
20影視群,66.01～67,1,318,0,0,0
20影視群,65.01～66,2714,550,0,2,34
20影視群,64.01～65,2,321,0,0,0
20影視群,63.01～64,2876,573,828,11,40
20影視群,62.01～63,0,298,0,0,0
20影視群,61.01～62,2822,597,0,8,27
20影視群,60.01～61,0,323,0,0,0
20影視群,59.01～60,2939,613,1039,10,36
20影視群,58.01～59,0,328,0,0,0
20影視群,57.01～58,2938,620,0,11,33
20影視群,56.01～57,0,346,0,0,0
20影視群,55.01～56,2870,607,1101,12,30
20影視群,54.01～55,0,393,0,0,0
20影視群,53.01～54,2849,655,1,13,37
20影視群,52.01～53,1,398,0,0,0
20影視群,51.01～52,2718,641,1304,10,35
20影視群,50.01～51,0,442,0,0,0
20影視群,49.01～50,2616,713,0,8,36
20影視群,48.01～49,1,390,0,0,0
20影視群,47.01～48,2468,706,1510,11,18
20影視群,46.01～47,0,479,0,0,0
20影視群,45.01～46,2387,718,0,17,24
20影視群,44.01～45,0,499,0,0,0
20影視群,43.01～44,2154,682,1862,29,29
20影視群,42.01～43,0,521,0,0,0
20影視群,41.01～42,2052,730,1,30,17
20影視群,40.01～41,1,547,0,0,0
20影視群,39.01～40,1841,741,2364,39,17
20影視群,38.01～39,2,633,0,0,0
20影視群,37.01～38,1655,818,1,39,18
20影視群,36.01～37,2,583,0,0,0
20影視群,35.01～36,1610,950,2881,49,12
20影視群,34.01～35,0,714,2,0,0
20影視群,33.01～34,1419,1049,0,48,12
20影視群,32.01～33,1,721,0,0,0
20影視群,31.01～32,1230,1359,3278,51,9
20影視群,30.01～31,1,770,2,0,0
20影視群,29.01～30,1041,1607,1,51,7
20影視群,28.01～29,1,836,0,0,0
20影視群,27.01～28,907,2002,4204,45,3
20影視群,26.01～27,0,834,1,0,0
20影視群,25.01～26,841,2398,1,39,4
20影視群,24.01～25,1,901,0,0,0
20影視群,23.01～24,724,2765,4315,31,5
20影視群,22.01～23,0,957,1,0,0
20影視群,21.01～22,639,3440,0,21,2
20影視群,20.01～21,0,583,0,0,0
20影視群,19.01～20,751,3837,2669,12,4
20影視群,18.01～19,3,380,1,0,0
20影視群,17.01～18,601,2338,0,2,2
20影視群,16.01～17,0,256,0,0,0
20影視群,15.01～16,340,1551,1581,6,0
20影視群,14.01～15,0,136,0,0,0
20影視群,13.01～14,232,1030,0,0,2
20影視群,12.01～13,0,72,0,0,0
20影視群,11.01～12,147,591,794,2,0
20影視群,10.01～11,1,25,0,0,0
20影視群,9.01～10,65,250,1,0,0
20影視群,8.01～9,0,10,0,0,0
20影視群,7.01～8,41,117,291,0,0
20影視群,6.01～7,0,2,1,0,0
20影視群,5.01～6,13,28,0,0,0
20影視群,4.01～5,0,0,0,0,0
20影視群,3.01～4,6,6,57,0,0
20影視群,2.01～3,0,0,0,0,0
20影視群,1.01～2,2,1,1,0,0
20影視群,0.01～1,0,0,0,0,0
20影視群,0.00,14,11,23,0,1
21資管類,99.01～100,1,60,53,0,3
21資管類,98.01～99,0,204,0,0,0
21資管類,97.01～98,0,98,0,0,24
21資管類,96.01～97,0,438,0,0,0
21資管類,95.01～96,6,142,138,15,37
21資管類,94.01～95,0,614,0,0,0
21資管類,93.01～94,17,211,0,23,73
21資管類,92.01～93,0,620,0,0,0
21資管類,91.01～92,49,256,182,30,100
21資管類,90.01～91,0,607,0,0,0
21資管類,89.01～90,67,276,0,60,135
21資管類,88.01～89,0,555,0,0,0
21資管類,87.01～88,158,297,262,91,164
21資管類,86.01～87,0,538,0,0,0
21資管類,85.01～86,267,314,0,135,181
21資管類,84.01～85,1,507,0,0,0
21資管類,83.01～84,481,362,365,174,215
21資管類,82.01～83,0,470,0,0,0
21資管類,81.01～82,612,397,0,213,201
21資管類,80.01～81,0,417,0,0,0
21資管類,79.01～80,876,377,419,270,228
21資管類,78.01～79,0,404,0,0,0
21資管類,77.01～78,1168,399,0,318,244
21資管類,76.01～77,0,393,0,0,0
21資管類,75.01～76,1427,431,532,368,242
21資管類,74.01～75,0,342,0,0,0
21資管類,73.01～74,1766,498,0,413,253
21資管類,72.01～73,0,315,0,0,0
21資管類,71.01～72,2001,519,626,403,241
21資管類,70.01～71,0,336,0,0,0
21資管類,69.01～70,2267,524,0,433,257
21資管類,68.01～69,1,327,0,0,0
21資管類,67.01～68,2495,547,728,482,252
21資管類,66.01～67,1,318,0,0,0
21資管類,65.01～66,2714,550,0,509,292
21資管類,64.01～65,2,321,0,0,0
21資管類,63.01～64,2876,573,828,525,265
21資管類,62.01～63,0,298,0,0,0
21資管類,61.01～62,2822,597,0,548,263
21資管類,60.01～61,0,323,0,0,0
21資管類,59.01～60,2939,613,1039,559,263
21資管類,58.01～59,0,328,0,0,0
21資管類,57.01～58,2938,620,0,598,270
21資管類,56.01～57,0,346,0,0,0
21資管類,55.01～56,2870,607,1101,617,290
21資管類,54.01～55,0,393,0,0,0
21資管類,53.01～54,2849,655,1,539,301
21資管類,52.01～53,1,398,0,0,0
21資管類,51.01～52,2718,641,1304,624,320
21資管類,50.01～51,0,442,0,0,0
21資管類,49.01～50,2616,713,0,571,293
21資管類,48.01～49,1,390,0,0,0
21資管類,47.01～48,2468,706,1510,598,322
21資管類,46.01～47,0,479,0,0,0
21資管類,45.01～46,2387,718,0,590,333
21資管類,44.01～45,0,499,0,0,0
21資管類,43.01～44,2154,682,1862,559,398
21資管類,42.01～43,0,521,0,0,0
21資管類,41.01～42,2052,730,1,579,449
21資管類,40.01～41,1,547,0,0,0
21資管類,39.01～40,1841,741,2364,614,506
21資管類,38.01～39,2,633,0,0,0
21資管類,37.01～38,1655,818,1,545,532
21資管類,36.01～37,2,583,0,0,0
21資管類,35.01～36,1610,950,2881,602,595
21資管類,34.01～35,0,714,2,0,0
21資管類,33.01～34,1419,1049,0,515,628
21資管類,32.01～33,1,721,0,0,0
21資管類,31.01～32,1230,1359,3278,527,666
21資管類,30.01～31,1,770,2,0,0
21資管類,29.01～30,1041,1607,1,464,648
21資管類,28.01～29,1,836,0,0,0
21資管類,27.01～28,907,2002,4204,459,695
21資管類,26.01～27,0,834,1,0,0
21資管類,25.01～26,841,2398,1,401,683
21資管類,24.01～25,1,901,0,0,0
21資管類,23.01～24,724,2765,4315,336,573
21資管類,22.01～23,0,957,1,0,0
21資管類,21.01～22,639,3440,0,268,386
21資管類,20.01～21,0,583,0,0,0
21資管類,19.01～20,751,3837,2669,154,268
21資管類,18.01～19,3,380,1,0,1
21資管類,17.01～18,601,2338,0,113,161
21資管類,16.01～17,0,256,0,0,0
21資管類,15.01～16,340,1551,1581,55,67
21資管類,14.01～15,0,136,0,0,1
21資管類,13.01～14,232,1030,0,29,57
21資管類,12.01～13,0,72,0,0,0
21資管類,11.01～12,147,591,794,17,18
21資管類,10.01～11,1,25,0,0,0
21資管類,9.01～10,65,250,1,3,7
21資管類,8.01～9,0,10,0,0,0
21資管類,7.01～8,41,117,291,1,1
21資管類,6.01～7,0,2,1,0,0
21資管類,5.01～6,13,28,0,0,2
21資管類,4.01～5,0,0,0,0,0
21資管類,3.01～4,6,6,57,1,0
21資管類,2.01～3,0,0,0,0,0
21資管類,1.01～2,2,1,1,0,0
21資管類,0.01～1,0,0,0,0,0
21資管類,0.00,14,11,23,0,0
